B00004LMEC,,99.0
B00005NBIT,,179.0
B00005UJYF,,3.23
B00008RUL7,,16.0
B00009APD1,,11.39
B00009RTR6,,239.99
B0000AZ0O0,,24.99
B0000D8DLH,,10.93
B0000DCYCR,,179.0
B0000DHQ23,,179.0
B0000U9KSI,,229.0
B0000U98MQ,,179.0
B00022HXOW,,15.07
B0006HU4OO,,17.5
B0006HU56Q,,23.0
B0006HU4DK,,989.0
B0006OCF4O,,235.0
B0007POM1Q,APC,99.99
B0007QU6P6,,6.74
B0007QU6RY,,10.93
B0007XHNO6,,179.0
B00097FG7Q,,285.0
B00099R22G,,32.96
B0009ZECJ6,,13.95
B000A36J7A,,7.42
B000BJKFIM,,6.75
B000E71EVI,,6.7
B000F8EWHY,,399.99
B000F95A8I,,246.09
B000F95A88,,399.99
B000FBQFTE,,246.09
B000FFS4P8,,26.42
B000FIASSG,,7.48
B000G6QFSO,,9.43
B000GE4JWK,,13.99
B000GOGYL4,,8.9
B000GW7QJ0,,16.45
B000GWRFP0,,279.99
B000H45TFA,,20.24
B000HM2RM0,,15.48
B000HQ9T8G,Aiphone,152.0
B000IG96RE,,20.87
B000IZ8GKS,,11.0
B000JSNXWA,,6.63
B000K2MJI4,,229.0
B000L48Z02,,179.0
B000LMDX7Y,,11.29
B000M4J20S,,22.05
B000M7Y5BQ,,7.17
B000M8OX6W,,747.97
B000M8WTEU,,499.99
B000M90I56,,22.8
B000M8YU60,,21.49
B000MAJVIU,,8.4
B000MTP9PU,,235.0
B000NPKDAY,,499.99
B000OFJ9UI,,9.79
B000OGVWCU,,1.99
B000OOY72E,,5.92
B000OWJ8AM,,9.97
B000PQFZ40,,19.99
B000PQFUNG,,9.99
B000PQHOC6,,10.93
B000PQHI7C,,235.0
B000PT1W4E,,179.0
B000QRPYQW,,6.7
B000R21QRM,,179.0
B000R7Z2YU,,69.99
B000R7ZP8I,,23.0
B000RBEV2U,,159.99
B000RH2M2U,,235.0
B000RN3EVC,,13.92
B000SRTOHU,,7.47
B000TUGSC0,,21.07
B000U28VXG,,20.99
B000UDISEW,,7.48
B000UHXK8C,,13.99
B000ULPE1O,,179.0
B000UNNZCW,,179.0
B000UTICZQ,,29.94
B000UTNSFK,,29.94
B000UTMDM4,,29.94
B000UTTJLW,,179.0
B000V2LZOW,,747.97
B000V55NN8,,7.94
B000VMH99C,,4.9
B000VVFULM,,24.95
B000VVFULC,,24.95
B000VVJOP0,,24.95
B000VZ3TKM,,69.99
B000W49DJS,,9.47
B000W8ZRYO,,398.5
B000XUZIIG,,332.0
B000Y1QT1E,,6.06
B000YFVSAW,,10.93
B000YSY4RI,,25.5
B000ZOTJFI,,33.99
B000ZOVDZW,,33.99
B0010QPX4G,,79.99
B0010TTSIA,,8.25
B0010TVLP8,,8.25
B00111DJJG,,699.99
B00111NULS,,699.99
B00111NUM2,,14.11
B00111SB6M,,699.99
B00111SB6C,,699.99
B0011G60HY,,21.28
B0013EMVGS,,7.32
B0013NRQPU,,329.99
B0013WH160,,169.99
B00140AHQW,,33.99
B00140AHQC,,25.08
B0014HUOY0,,28.57
B0014HUOXQ,,28.57
B0014M1ADY,,549.99
B0014XEDJQ,,20.99
B00150IYRU,,17.35
B0015HP3FY,,699.99
B0015HP3FO,,699.99
B0017IHNWW,,31.99
B0017WP8E8,,10.95
B001882ZYM,,13.95
B0018A2JFK,,7.88
B00196VHGU,,16.24
B00198KWLE,,14.42
B0019HGRFA,,35.99
B0019K3UUW,,8.3
B0019N7SSE,,5.92
B0019W1L1K,,7.95
B001A3D1PC,,235.0
B001AJ5PO6,,6.07
B001AMBAAG,,15.99
B001ATK8A2,,7.68
B001AW3MWK,,13.91
B001BNDSU4,,536.15
B001BXO8YY,,13.99
B001BXQH8Y,,13.99
B001BYF2W0,,399.99
B001CBTQRO,,8.27
B001COUQHA,,38.89
B001CU027I,,788.88
B001D3D2M6,,9.58
B001DABBV8,,329.99
B001E5Q8OW,,16.0
B001EH8GOA,,407.94
B001F0Q9I6,,399.99
B001F0Z4YQ,,11.25
B001FWC2FI,,6.04
B001FWWADM,,9.58
B001FWWB0Y,,13.94
B001FWWAF0,,2.0
B001FWU96M,,9.58
B001G0WF7E,,7.39
B001G4U11C,,21.59
B001GCUW18,,6.98
B001GCUW0E,,10.69
B001GENEP2,,281.99
B001GN5OLK,,7.85
B001GQ39NC,,12.81
B001HBKS5I,,51.99
B001HBP1QE,,9.69
B001IDKNIW,,6.55
B001IPV0CS,,83.15
B001IVXDWW,,788.88
B001JBJBMC,,21.36
B001JKIXVI,,24.98
B001JPJX7Q,,253.99
B001JSYAM6,,279.99
B001JTA59C,,6.18
B001KS3AUI,,179.0
B001KY8HSC,,17.4
B001L7CNHO,,999.99
B001LF35VY,,365.44
B001MBLHOY,,9.98
B001MEHXJY,,9.99
B001MK75Y6,,35.0
B001MS6NOQ,,9.75
B001MS6NPK,,7.15
B001N7A93M,,246.09
B001N86VXS,,179.0
B001NEJO18,,8.7
B001NJOIC8,,13.88
B001NPDKVC,,519.99
B001NPDKX0,,569.99
B001NPDKW6,,12.29
B001NPDKTY,,22.41
B001NPDKXA,,19.49
B001NPDKVW,,16.31
B001NPDKTO,,519.99
B001NPDKWG,,29.99
B001NPDKUI,,22.41
B001NPDKVM,,6.89
B001NPE4OE,,6.7
B001NPDKU8,,19.49
B001NPDKUS,,19.49
B001O4818E,,20.97
B001OAI7XW,,18.44
B001OARFIU,,9.68
B001OVIF8S,,9.99
B001P9CZ9O,,179.0
B001PII4HW,,119.95
B001PII4IG,,179.0
B001PII4J0,,229.0
B001PII4HC,,179.0
B001Q04HTI,,16.99
B001QGGL3W,,449.99
B001QJUWA2,,7.77
B001QTFDX8,,7.18
B001R3E0X2,,179.0
B001R6E55M,,15.36
B001R95IDM,,349.53
B001RJVLWO,,16.31
B001TNW2R6,,7.22
B001U5BOOU,,229.0
B001UDRAS6,,8.4
B001UDY9ZI,,11.91
B001UFKGMQ,,999.99
B001UHOX1Y,,7.19
B001UHT4CC,,849.99
B001UKTUAU,,378.99
B001VD3OKS,,179.0
B001XYB0GU,,179.0
B001Z0UZSQ,,53.52
B00204MB6K,,329.99
B00204KP18,,8.41
B00204U42I,,20.49
B0024MB1A0,,6.13
B0025USAIC,,309.5
B00263ZA1I,,699.0
B002649N24,,599.95
B002654FW6,,18.36
B0026S6YYA,,11.51
B0027AH8M4,,11.49
B0027P9BVK,,10.25
B0027P9BWO,,108.62
B0027P9BWE,,10.25
B0027P9BUQ,,10.25
B0027P9BQ0,,292.34
B0027YROME,,15.15
B00286NQ8W,,21.33
B0028FIQLK,,31.25
B00295RAWU,,42.99
B0029TLYIM,,9.98
B0029ZA51I,,14.48
B0029ZA5M2,,34.32
B0029ZA5WW,,19.49
B002A4MGZ6,,179.0
B002AGUOCG,,179.0
B002AIBOS2,,11.39
B002ALZOZS,,459.99
B002AULXNQ,,235.0
B002BDU8VA,,13.77
B002BDU8TW,,13.9
B002BDU8WY,,355.99
B002BDU94Q,,34.95
B002BDU8WO,,439.65
B002BH4PRE,,8.87
B002BH4NOY,,365.44
B002BH4NPI,,576.0
B002BH4OYS,,999.99
B002BH4O70,,235.0
B002BH4QN2,,15.73
B002BNCUOI,,12.55
B002BWQB5S,,11.45
B002C746FE,,989.0
B002C745WS,,989.0
B002C74D7A,,62.99
B002D5TTY8,,31.75
B002DQLCWO,,698.0
B002DW95RW,,16.9
B002EPDLFU,,21.99
B002F1G5KG,,6.9
B002FU6BAQ,,39.8
B002GXI0V0,,21.08
B002GXGFDA,,7.17
B002HS6DWC,,35.0
B002I1NQD2,,899.99
B002IN6XOY,,235.0
B002J49P6U,,13.98
B002J9SFHA,,329.99
B002JM2CB2,,277.88
B002JVWHWM,,13.62
B002K5LEF8,,399.99
B002KLO5SU,,179.0
B002KSRZYY,,235.0
B002LEXA64,,22.59
B002LH1U0E,,8.17
B002MAWS0G,,389.97
B002N80O3A,,179.0
B002NZM4IG,,332.0
B002OL2LV4,,355.99
B002ONCD4M,,407.94
B002ONCCGQ,,20.26
B002ONCCFC,,10.69
B002ONCDDS,,19.01
B002ONCCCU,,13.98
B002ONCC98,,576.0
B002ONCDSI,,346.95
B002P36LR6,,20.31
B002P3EATW,,17.98
B002P3KMNU,,7.79
B002P3KMP8,,23.88
B002P3KMVC,,305.99
B002P3KMPI,,23.88
B002P3KVBI,,246.09
B002P8M8HS,,12.71
B002P8M8L4,,355.99
B002P8M8M8,,30.17
B002PAQXAE,,4.88
B002PHM0KO,,39.1
B002PHM0KY,,39.1
B002PHM0GI,,45.99
B002PHM0HW,,35.99
B002PHM0KE,,39.1
B002PIM3DM,,14.95
B002PK158Y,,20.49
B002PK13I6,,16.3
B002PK156Q,,15.98
B002PK1570,,48.0
B002PT3N9E,,36.96
B002PY7OLM,,24.49
B002PY7ON0,,9.79
B002PY7OJE,,346.95
B002PY7P0C,,20.99
B002PY7OTE,,11.39
B002PY7OSA,,698.0
B002PY7OKI,,569.97
B002Q0W8M0,,365.44
B002Q8HK7K,,27.99
B002Q8HNFO,,15.47
B002QHIM2S,,49.89
B002QNHIIQ,,13.98
B002QQ1WM6,,573.45
B002QPY6HK,,869.99
B002QQ5YT8,,346.95
B002QUZKYS,,529.99
B002R5ARKY,,18.99
B002RL8UBG,,329.99
B002RT93PA,,494.99
B002SG7LWO,,407.94
B002SG7LWY,,407.94
B002SG7LW4,,12.96
B002SIJFAS,,179.0
B002SRKM7O,,13.26
B002TEE3OO,,989.99
B002TK67F6,,13.96
B002TOKT74,,179.0
B002TYCSPA,,12.71
B002TYCFEO,,8.2
B002TYUV8Q,,17.85
B002U4RRZK,,15.47
B002U4TZ9Q,,25.0
B002U6WKAK,,52.99
B002UQ7L2M,,13.63
B002UQVUA6,,7.01
B002UZ2HYK,,7.92
B002V3E1TK,,27.99
B002V57KVO,,15.96
B002V8OOQU,,28.73
B002V93PJ6,,10.99
B002W5GN5M,,7.05
B002W7TLE0,,35.99
B002WLMDM8,,13.95
B002XT1CDU,,29.01
B002Y974BS,,13.92
B002YBUN7S,Pavilion,799.99
B002YP3HEK,,322.99
B002YPH56G,,8.84
B002YT89HG,,29.95
B002YT89GW,,29.95
B002ZBCCU8,,35.2
B002ZI9HSQ,,17.02
B002ZPYN2O,,12.71
B002ZSBM0W,,69.0
B0030FPVZG,,25.25
B0030INLSM,,499.99
B0030INLSW,,499.99
B0030INLS2,,13.75
B0030INLSC,,13.75
B0030KB0KG,,278.96
B0030L1BVI,,857.0
B0030L5BZA,,32.15
B0030MR0US,,9.87
B0030MY9CU,,6.9
B0030T17GE,,14.39
B0030T17GO,,849.5
B0030T17FU,,699.7
B0030T17HS,,11.48
B0030T17G4,,489.0
B0030T17GY,,709.5
B0030T17FK,,679.99
B0030XTIMK,,9.56
B0030XVJUE,,16.21
B0030XZNME,,7.04
B0030Y312W,,16.53
B0030YZHSS,,24.61
B00313JXMO,,21.9
B003155Z4M,,355.99
B003155ZHE,,17.99
B003155Z3S,,27.89
B00318CG9G,,12.86
B00318CG8C,,408.0
B00318CGBE,,10.99
B00318CGHI,,9.56
B00318CG8M,,408.0
B00318CG8W,,13.87
B0031C3YKC,,699.99
B0031ESTDC,,354.99
B0031ESWPC,,365.44
B0031ESTD2,,354.99
B0031ESWP2,,16.21
B0032ALW5M,,15.97
B0032F8UM0,,229.0
B0032FOKXS,,23.88
B0032WBIYU,,8.0
B003340VTK,,399.99
B0033KELCM,,16.3
B00342VJ74,,22.04
B0034UT0TA,,27.59
B0034WHAC2,,499.99
B00352LQVC,,498.99
B00352LQYO,,749.0
B0035945AY,,857.0
B0035CMF5S,,13.99
B0035IR53E,,16.3
B0035ISNVM,,16.25
B0035J0DSW,,9.87
B0035VBUVY,,10.85
B00366NDJ0,,179.0
B00367A8NS,,8.6
B0036BEXK8,,11.68
B0036FCW98,,22.99
B0036FFH4A,,439.65
B0036QXWPU,,379.0
B0036Z3616,,19.53
B0036ZCEFU,,10.69
B00372G7CI,,589.99
B0037LY2MG,,279.99
B0037MBD9A,,529.99
B00385YE5G,,16.7
B00386HSCG,,11.39
B00386OJHS,,19.49
B0038IL1TU,,8.99
B0038NBEGK,,229.0
B0038NBXR0,,569.99
B0038R3L08,,21.08
B0038SLZSW,,999.99
B00393WKO4,,794.99
B00396IC6G,,52.99
B0039NLY7S,,14.83
B003A1CM4S,,619.99
B003A6YBMO,,8.67
B003AG7N4C,,10.85
B003AOPV02,,16.7
B003AU3YNC,,54.9
B003B39CHA,,14.68
B003B9AHJ6,,275.5
B003BJOOCW,,7.97
B003BRXT9I,,499.0
B003CW05CG,,599.99
B003CYYAX4,,9.99
B003DZCPL6,,599.99
B003F44DLA,,6.9
B003FDAMG6,,48.4
B003FDHR5K,,29.6
B003FSTC80,,398.5
B003FSTC76,,398.5
B003G2ZKLS,,72.99
B003GAGRU8,,22.41
B003GD24IO,,12.15
B003HYZRMW,,289.98
B003HYXF44,,8.43
B003I4KOGA,,549.99
B003ID6DJI,,7.5
B003IPC22I,,409.99
B003JE9YPQ,,549.99
B003JJVGKC,,10.99
B003JZC42A,,229.0
B003K9BZEI,,13.96
B003KN3EEI,,999.99
B003KN3IXU,,13.44
B003KN3IZI,,695.99
B003KN3J2A,,576.0
B003KN3HY0,,19.99
B003KN3IHG,,67.66
B003KN3JUC,,576.0
B003KN3ISK,,23.0
B003KN3K4M,,16.7
B003KN3J0C,,749.95
B003KN3K2E,,7.05
B003L780D8,,649.99
B003L780XS,,23.49
B003LD1YFI,,398.5
B003LMLB2K,,16.3
B003LNDMT4,,483.0
B003LPUUDS,,28.94
B003LPUYHU,,849.99
B003LPUYI4,,899.0
B003LPUYGQ,,891.0
B003LPUYH0,,659.99
B003LUN5JO,,18.95
B003LYVVAK,,16.0
B003M5GVNA,,439.65
B003M5GVJY,,355.99
B003M5GVO4,,76.78
B003M5GVM6,,7.47
B003MVZ8D8,,7.35
B003MVZ8DI,,11.16
B003MVZ8UQ,,439.65
B003MVZ8UG,,13.74
B003MVZ8BK,,159.98
B003N17BR8,,74.31
B003N17BRI,,89.09
B003N19784,,10.87
B003N2OVR0,,649.99
B003N2P0I4,,439.65
B003N2OVOS,,49.58
B003N2OVSE,,17.99
B003N3GGO0,,10.1
B003NE5K50,,11.99
B003O7R6JY,,5.9
B003OFFZ94,,18.55
B003OGKIUE,,451.65
B003OGPT5S,,660.0
B003PXB6BG,,43.98
B003QJUFRU,,439.65
B003QJVC1S,,16.84
B003QR3HI6,,8.35
B003S6CFI8,,369.0
B003SDWQEY,,179.0
B003SN7GWG,,246.09
B003ST7206,,329.99
B003TOX6ZU,,439.65
B003TYP4P0,,139.99
B003ULV9XI,,999.99
B003UN6YUE,,7.47
B003UNF1B2,,7.58
B003UNHGFQ,,408.0
B003UPF3NQ,HP,969.99
B003UQQO24,,891.0
B003UY5R1A,,22.46
B003UYTXD8,,4.99
B003V25QFI,,13.28
B003V4AK4I,,29.99
B003V5QRIK,,439.65
B003V8SE4W,,549.99
B003VFZ3YE,,6.58
B003VJ1VQ4,,10.1
B003VN2Q5A,,18.95
B003VSGZ8O,,439.65
B003VSIL68,,799.99
B003VWHNAY,,599.99
B003WUXMVY,,23.43
B003X8OFGQ,,246.09
B003XDHNPQ,,439.65
B003XG0HYC,Dell,585.0
B003XT66MG,,649.99
B003Y3BFI6,,369.96
B003Y73P44,,15.96
B003Y85J5Q,,11.99
B003YD9K1K,,529.99
B003YJMXPO,,18.0
B003YYNEQ6,,19.99
B003Z63B8O,,509.99
B003Z8LPIA,,329.99
B003ZMT2L8,,329.99
B003ZPTQVG,,599.99
B003ZUNZO0,,629.99
B003ZUXX24,,11.99
B003ZWN9PS,,519.95
B003ZX4GD6,Dell,854.0
B003ZYUCDS,,6.99
B00400ORPU,,34.31
B00400OS4A,,649.99
B00400OS86,,9.58
B00400OSKE,,576.0
B00400ORVE,,19.49
B00400OSA4,,43.86
B00400OSHM,,15.9
B00400OSC2,,576.0
B00400OS0O,,34.95
B00400OSJ0,,16.66
B00400OSDG,,246.09
B00405WVVW,,28.79
B00408LG7E,,179.0
B0040JHMZI,,7.05
B0040X4MVQ,,24.99
B0040X4LZI,,449.99
B0040YIS38,,72.99
B00415SCBY,,479.95
B004197OV4,,20.25
B0041981ZC,,449.0
B0041FUGIG,,439.65
B0041LW9DU,,439.65
B0041LW980,,355.99
B0041O5WUO,,439.65
B0041RSFAK,,466.85
B0041SNR7A,,8.47
B0041VQREM,,439.65
B00420LXRI,,7.13
B00429LI9W,,8.55
B0042LKE7M,,499.99
B0042LMGBE,,499.99
B0042P4TBA,,1.41
B0042X8W0Q,,349.0
B00432S0L2,,549.99
B0043B5RGO,,849.99
B0043B7WDK,,839.95
B0043BNWNE,,9.79
B0043ENDNA,,344.41
B0043J7KDY,,459.99
B0043J6AEE,,519.95
B0043X8ZCU,,13.97
B0043YE8I4,,13.99
B0043Z7VBO,,286.95
B0044BQQ54,,999.0
B0044NZ5FO,,439.65
B0044R1N10,,649.99
B0044UAPZ2,,17.58
B0044UAQHE,,348.99
B0044XU34C,,11.47
B0044XU36A,,11.47
B0044XU4IM,,5.08
B0044XU4OG,,689.99
B0044XU34W,,999.99
B00451A15Y,,19.9
B00456W77E,,7.92
B0045AFM9A,,60.0
B0045F6S2A,,179.0
B0045GV36U,,649.99
B0045H0MRA,,16.7
B0045QPPE6,,48.11
B0045QU07S,,16.66
B0045UB66S,,849.99
B00467UV9S,,21.99
B0046HAO2C,,239.95
B0046OIL0W,,307.99
B0046QQVL6,,489.99
B0046R83L6,,439.65
B0046R7WUO,,43.86
B0046UY3X0,,5.57
B0046W2MOA,,705.27
B0046W47NY,,105.06
B0046WB3UY,,49.99
B0046XEQ70,,23.3
B00471DW4O,,31.87
B004761S36,,286.95
B0047CIN9W,,518.75
B0047DVVZO,,989.0
B0047DVVVI,,949.99
B0047DVRQW,,899.0
B0047E1C2U,,28.99
B0047E72O2,,399.99
B0047G23B2,,22.05
B0047M1394,,25.59
B0047MN3GU,,530.84
B0047PWSOK,,16.66
B0047RXTDM,,439.65
B0047Y94YS,,499.99
B0047ZHB92,,439.65
B00486USL8,,139.99
B00487X27O,,824.0
B0048IFW9Y,,20.76
B0048KM876,,307.99
B0048NVVKS,,14.99
B0048ZBL0Q,,9.87
B0049D1MAQ,,439.65
B004A4SDSI,,328.88
B004AQI75U,,8.4
B004AWDH8G,,19.9
B004B4593Y,,399.0
B004B57XTG,,439.65
B004B661K2,,439.65
B004BFVVEO,,191.38
B004BJ1XNY,,18.0
B004BJ1XKM,,14.99
B004BJ1XPM,,229.0
B004BP85LQ,,899.99
B004BSFSEK,,125.26
B004C45D6Q,,191.34
B004CB3L2M,,16.25
B004CHULN8,,54.95
B004CJ4VQ4,,329.99
B004CO41F0,,16.47
B004CS5X80,,235.0
B004CZ6BLG,,20.96
B004D7NH0G,,999.99
B004E2EZG0,,749.95
B004E4WN7G,,699.99
B004E4Y0KE,,15.99
B004ECFKZU,,26.49
B004ED86VE,,47.73
B004EHEFEM,,529.99
B004ELM5HW,,458.0
B004EOX7CQ,,48.47
B004ETOBPI,,105.03
B004ETOBSA,,519.95
B004ETQDHW,,24.0
B004ETLO6C,,449.99
B004ETLO6W,,11.99
B004ETQDY0,,7.07
B004ETSG9A,,724.39
B004ETSGEA,,349.95
B004EW5JB0,,599.95
B004EWEZKQ,,698.0
B004EWEZNS,,698.0
B004EWEZME,,5.49
B004EYT1RG,,14.83
B004F1VM66,,23.3
B004FK3QWK,,179.0
B004FLYN7G,,449.99
B004FN0T40,,499.99
B004FN0T7W,,19.49
B004FN0TJK,,499.99
B004FN0TCC,,17.9
B004FN0THW,,576.0
B004FN1BJC,,598.4
B004FN0T9U,,19.49
B004FVWA8U,,13.99
B004FYYGD4,,699.0
B004G2QNFE,,295.0
B004G5ZUFK,,7.2
B004G5ZXH0,,13.78
B004G608VU,,105.08
B004G7VAAM,,549.99
B004G8A5ZW,,349.95
B004G8QOLG,,60.0
B004G8QQ6O,,14.46
B004G8QQ2I,,13.04
B004G8QOJS,,439.65
B004GAR91S,Dell,664.99
B004GEBQ1S,,13.41
B004GEBQ0E,,649.99
B004GEC9BY,,13.98
B004GHNQDQ,,34.95
B004GKM3B4,,44.93
B004GMSH80,,20.99
B004GNS8CE,,705.0
B004GSR7Q2,,23.27
B004GSYAOE,,49.54
B004GTNCQK,,191.02
B004GTN4DQ,,891.0
B004GTNCPQ,,190.86
B004GXAOF8,,355.99
B004H0OA7S,,365.44
B004H1KBGQ,,20.99
B004HB93VU,,31.9
B004HTK2VW,,76.28
B004HTHEOK,,308.98
B004I1J846,,29.99
B004I5BW8C,,19.49
B004I6F2XM,,576.0
B004IGPWWI,,918.0
B004IJW9HQ,,13.6
B004IMDNVE,,839.95
B004IN85QQ,,365.44
B004IOL7ZQ,,889.0
B004IOWNDG,,40.89
B004IZN3PM,,235.0
B004IZN4AG,,349.95
B004IZN3XE,,799.99
B004J1QPAU,,76.25
B004J2UJ5Q,,35.0
B004J6AB5A,,17.9
B004JC866U,,439.65
B004K1EQO6,,699.0
B004KBVB3A,,179.0
B004KNVK84,,19.9
B004KPLNK2,,439.65
B004KRZOT6,,7.97
B004KUCSEW,,439.65
B004KZJ0UM,,286.95
B004L1QHJW,,21.98
B004L2JX9W,,549.99
B004L9M4QY,,30.89
B004LB4A8W,,110.66
B004LB4A82,,23.49
B004LDAMSW,,349.99
B004LKG8YW,,85.3
B004LL1JIG,,19.78
B004LRO9AK,,139.99
B004LS7NU2,,6.67
B004LUU7E4,,789.99
B004LUW95E,,8.04
B004LZBIDS,,414.99
B004M3NJMC,,63.0
B004M8GVN6,,17.54
B004MEZ604,,33.16
B004MEYZTM,,849.99
B004MF11LG,,21.99
B004MF2ZYI,,399.99
B004MOGULS,,59.0
B004NF0LGG,,349.99
B004NF3Z82,,19.9
B004NF5RU6,,19.9
B004NHYTQM,,599.99
B004NKYIQA,,459.99
B004NMANBW,Dell,499.98
B004NMHRRA,,369.96
B004NPM3I0,,349.99
B004NWF100,,6.67
B004NWFACE,,19.99
B004NXYJCA,,799.99
B004O3BIBY,,11.47
B004O6FGYG,,519.99
B004O8EFIM,,10.47
B004OB0PJW,,349.99
B004OZ2ULE,,899.0
B004OZL02Y,,349.99
B004PG5TK6,,349.99
B004Q1I18M,,7.01
B004Q7NKXW,,11.99
B004Q9T7K0,,549.99
B004Q9T7J6,,12.31
B004Q9T7KK,,35.0
B004QI6HPO,,246.09
B004QIKAA2,,13.31
B004R0NJYS,,687.0
B004R6W9ES,Dell,495.89
B004RCOO2M,,687.0
B004RCQKZG,,514.95
B004RCSDY2,,514.95
B004RCQKQK,,17.55
B004RCUIQI,,119.99
B004RCUIM2,,514.95
B004RCUIJU,,639.99
B004RCWNVQ,,19.9
B004RL1F5W,Samsung,508.0
B004RU2RXW,,190.68
B004S39KQA,,349.99
B004S4DVTQ,,687.0
B004SQ52UA,,698.0
B004STHY5I,,384.0
B004STN3PI,,30.5
B004STSJIO,,399.99
B004TD0SS8,,891.0
B004TGZ66E,,246.09
B004TSCYQ2,,8.35
B004U5YABQ,,46.99
B004U6YAYW,,439.65
B004UAL9JM,,7.36
B004UBP5XW,,718.0
B004UDVNOA,,409.99
B004URCE4O,,709.99
B004UTYMHY,,7.08
B004UU89TU,,71.03
B004V10HPW,,405.0
B004V15YY6,,8.5
B004V4HOT6,,39.9
B004V5X80O,,698.0
B004V93OZE,,29.91
B004V93LX4,,539.0
B004VC3NM0,,405.0
B004VCZGTS,,13.67
B004VD2RJ4,,9.8
B004VJK2VI,,5.89
B004VUODGC,,18.17
B004VUO3IU,,479.99
B004VZ8T44,,405.0
B004WGIUJG,,99.99
B004WKY62C,,7.25
B004WPKWYS,,34.95
B004WPKG80,,179.0
B004X835SE,,6.99
B004XCWQ8K,,398.18
B004XCWQP8,,179.0
B004XCWPTK,,439.65
B004XM9IQI,,76.28
B004XVMZ78,,439.65
B004XW88E6,,12.48
B004XWNAOY,,299.99
B004XXONTO,,679.99
B004XZM9TI,,698.0
B004XZMCAY,,23.74
B004XZMBEG,,709.5
B004XZMA9C,,699.0
B004XZMARO,,185.32
B004XZM8XK,,446.99
B004Y3PYK0,,36.76
B004Y6A31W,,229.0
B004Y6NA44,,72.99
B004Y6MTAA,,439.65
B004YA4OLI,,439.65
B004YFEUH6,,65.0
B004YLHHF2,,949.0
B004YW6I38,,787.77
B004YWEL9Q,,179.0
B004YZFQRE,,286.95
B004Z6NU70,,179.0
B004Z6NRIC,,299.0
B004Z6NWAU,,229.0
B004Z6NV4C,,229.0
B004ZBRJRW,,13.98
B004ZGTKHY,,7.85
B004ZGZDR0,,37.99
B00503H57I,,37.59
B00507ATX6,,229.0
B00507ALBG,,229.0
B00507HW40,,439.65
B00508IYVE,,32.95
B0050YXSL4,,12.81
B00519AFLO,,103.47
B00519AZAK,,449.99
B00519AZFU,,449.99
B00519DYGM,,599.99
B00519RBR0,,14.15
B00519RASA,,10.98
B0051OJR0Y,,439.65
B0051OJT3E,,599.99
B0051OJQEG,,518.75
B0051OJNI0,,449.99
B0051OJTPM,,599.99
B0051OLAWW,,74.8
B0051OJZ5G,,649.99
B0051OLQNU,,52.52
B0051OLOUA,,27.63
B0051OLRJ8,,699.0
B0051OLPT0,,499.99
B0051OLBSA,,103.51
B0051OL8R4,,408.0
B0051OLNHE,,939.99
B0051OJQ4G,,449.99
B0051OL7H0,,43.94
B0051OLV4E,,37.62
B0051OLSKQ,,45.48
B0051OLWHU,,576.0
B0051OLTKA,,52.52
B0051OLOG4,,365.44
B0051OL9LO,,32.28
B0051UVKYO,,529.99
B0051UVR8S,,405.0
B0052D5BY0,,19.9
B0052D5D2A,,332.0
B0052F35I2,,19.99
B0052GB57Y,,229.0
B0052GAW1E,,405.0
B0052LHR5I,,189.9
B0052UL93U,,709.5
B00538P9R8,,27.79
B0053O83WK,,439.65
B0053Y418K,,439.65
B0053Y40EU,,7.35
B00543UIR8,,109.57
B00543WUA6,,608.77
B005443OQ4,,103.51
B0054L3A3E,,799.99
B0054QJ3P8,,408.0
B0054QJ2BS,,439.65
B0054QJ2NG,,355.99
B0054QJ36W,,18.0
B0054QJ41G,,109.75
B0054QJ2XQ,,439.65
B0054Y5WVO,,29.91
B0054Y5X36,,20.99
B00553X9A0,,355.99
B0055MUALC,,7.2
B0055N8HC0,,649.99
B0055VCGOC,,549.99
B0055WDJ2E,,11.7
B00568V8S4,,14.4
B0056EF74O,,18.0
B0056EY8PS,,10.1
B0056EY8NA,,10.1
B0056EY91Q,,189.9
B0056EY4UM,,839.95
B0056EY8X0,,32.5
B0056EY7JA,,235.0
B0056EY8J4,,839.95
B0056URL2Y,,519.99
B00572FBNM,,8.31
B0057483DK,,20.49
B00574IS8A,,698.0
B00578PF7I,,400.0
B00578O5W4,,23.99
B0057A0OB8,,778.99
B0057CAGUA,,18.0
B0057NU1OK,,103.5
B0057OE3GQ,Alera,433.09
B00589L3CW,,29.0
B00589GWK0,,49.28
B0058DQASK,,649.99
B0058OLH6E,,7.99
B0058UPCFA,,48.86
B0058W3X3G,,179.0
B0059097OQ,,8.99
B0059095Z2,,69.99
B0059097ZU,,999.0
B00590950M,,16.99
B0059092Q4,,999.0
B00596TZTW,,249.99
B00597FWKW,,385.0
B00598D0Z0,,18.0
B0059ZK254,,45.44
B005A92AY0,,27.99
B005AJYZE8,,11.99
B005B0ND76,,49.58
B005B63Y06,,739.0
B005B9CDQY,,698.0
B005BESPKM,,649.99
B005BJ81F6,,699.0
B005BNYFHK,,49.58
B005BZJOTC,,17.43
B005C1KL7Y,,18.0
B005C1V43Y,,462.99
B005C1WM44,,439.65
B005C1NRZW,,16.35
B005C1QFNI,,576.0
B005CO4YUQ,,899.95
B005CT7ZOI,,408.0
B005CWHZP4,,989.0
B005CWIRPG,,949.99
B005CWJ8YA,Apple,822.99
B005CWJABQ,Apple,894.99
B005CWJB5G,,998.0
B005CWIN1E,,899.0
B005D3YNWU,,309.5
B005D4UAA8,,529.99
B005D5LAT2,,235.0
B005DDBBDY,,599.99
B005DEZELI,,549.99
B005DEZDHI,,667.93
B005DFBT8O,,529.99
B005DFP06G,,499.99
B005DNGDW8,,949.99
B005E1EA56,,408.0
B005E1CPF8,,892.0
B005E5GTNS,,688.99
B005E7MI40,,408.0
B005EGGSFQ,,549.99
B005F3440Y,,17.43
B005F3I784,,118.09
B005FDEG7U,,286.99
B005FI4MOW,,249.0
B005FIIEQE,,418.98
B005FM57PQ,,599.99
B005FN3O8C,,103.52
B005FQCQAG,,599.99
B005GIZO52,,699.99
B005GQ8EZG,,18.0
B005GWSYXC,,649.99
B005GXP6VO,,570.37
B005GYAU1Y,,469.99
B005HAT52C,,32.32
B005HAU00S,,769.98
B005HAXDMK,,530.84
B005HAZD4G,,529.0
B005HBR5JQ,,246.09
B005HFNA00,,519.95
B005HTVPRQ,,179.0
B005ICGF1S,,337.25
B005IJGHFK,,32.32
B005IQQ8UW,,399.99
B005IQS2BK,,439.65
B005IR0P3M,,15.75
B005ITRIIA,,749.99
B005J2JGNQ,,529.99
B005J2JK1E,,634.99
B005J2JNDE,,11.99
B005J2JI02,,65.2
B005J2JJ4C,,13.98
B005J2JMJ4,,634.99
B005J2JE4C,,15.78
B005J2JFIW,,103.51
B005J2JCQW,,254.88
B005J2JLS6,,262.03
B005J2JOEC,,519.95
B005J2J9TM,,337.25
B005J2JP96,,519.95
B005J8X4DI,,599.0
B005JCZ1O4,,369.96
B005JCYZAU,,369.96
B005JVASQQ,,379.0
B005JVNHTQ,,857.0
B005JY5Q8S,,27.95
B005JY5XRC,,30.25
B005JY5XK4,,41.96
B005JY7V40,,97.0
B005JY63US,,103.51
B005JY6LL4,,54.0
B005JY9F9Y,,10.98
B005JY75UA,,11.99
B005JY9EBS,,69.99
B005JY65II,,549.99
B005JY9GRU,,10.98
B005JY9MGK,,57.8
B005KOCC84,,147.56
B005KOCCH0,,519.95
B005KP0SAC,,13.3
B005KP0WDU,,519.95
B005KP0GYA,,51.99
B005KP0X7A,,18.0
B005KP0F96,,184.87
B005KP070I,,8.6
B005KP0WRQ,,788.88
B005KP0Z00,,109.26
B005KP0TT2,,599.99
B005KP0ZH8,,109.26
B005KP0Y24,,753.99
B005KP0OQA,,439.65
B005KP0U6Y,,18.0
B005KP0XIO,,109.26
B005KP0VFE,,8.97
B005KP0IAM,,34.4
B005KP0YH4,,103.58
B005KP0BJU,,27.77
B005KP74JK,,344.41
B005KP7DGE,,879.99
B005KP73IW,,667.93
B005KP70AI,,629.0
B005KP76HU,,709.5
B005KP0UVE,,439.65
B005KP7BJS,,929.99
B005KP78B4,,698.0
B005KP7ARG,,649.99
B005KP77EM,,879.99
B005KP75OY,,698.0
B005KSQIQW,,488.88
B005KSQI44,,458.0
B005KSQII0,,488.88
B005KSQIE4,,10.1
B005KSQHLS,,488.88
B005KSQSGW,,654.0
B005KSQIMG,,488.88
B005LAHSHW,,649.99
B005LF3S6C,,439.65
B005LF3QAU,,7.0
B005LF3RHW,,355.99
B005LLS66I,,29.99
B005LLS7WG,,8.4
B005LLS1UO,,365.44
B005LLS9GK,,47.95
B005LLSCIK,,118.14
B005LLYIWO,,13.98
B005LLS3Q6,,999.99
B005LLYKEK,,699.0
B005LLSB9U,,576.0
B005LS5WBI,,549.99
B005LW2Y6U,,305.99
B005LW4CWY,,65.25
B005LXIYBS,,103.53
B005LZVRGU,,103.53
B005M1KRX2,,104.99
B005MR4RN2,,16.54
B005MR58MG,,822.96
B005MR4ZRA,,54.0
B005MR54AW,,10.36
B005N7CU12,,65.26
B005NFVBY6,,529.99
B005NHPIW0,,103.5
B005NHPDA2,,109.24
B005NHP0BY,,449.99
B005NHPH8A,,399.99
B005NHPB9K,,529.99
B005NHP21C,,518.75
B005NHP622,,599.99
B005NHPEYW,,799.0
B005NIMSJA,,199.99
B005NIR7K0,,35.95
B005NJSKEG,,262.03
B005NJS8AM,,929.99
B005NKD3DI,,18.8
B005NQVJM4,,439.65
B005NTVSPE,Dell,899.0
B005O89YH8,,939.99
B005OB87Y6,,649.99
B005ODOIRE,,22.3
B005OKA0MO,,449.0
B005OKPSTE,,439.65
B005OKRWKC,,22.99
B005OKRNDI,,29.91
B005OQEW18,,579.0
B005OTYH10,,724.39
B005OUQAPK,,19.99
B005OUPC2W,,118.21
B005OUQ8IO,,415.0
B005P7VTKS,,549.99
B005PAIXZ4,,13.98
B005PAJW68,,39.99
B005PAK30M,,749.99
B005PAK26C,,13.98
B005PAK20S,,26.22
B005PAJVVO,,65.17
B005PAIQSI,,789.99
B005PAK32U,,109.24
B005PAK29Y,,189.37
B005PHX7FS,,45.54
B005PWJSC4,,103.52
B005PZG3T2,,514.95
B005Q5FGTO,,16.25
B005R2VMG2,,9.49
B005R41LOI,,8.3
B005S0XZMC,,8.84
B005SDDXF8,,34.88
B005SECGYQ,,346.95
B005SEADSW,,289.99
B005SE92NE,,29.99
B005SEIO4M,,346.95
B005SF1CRC,,779.0
B005SGHJA0,,17.09
B005SQH068,,65.19
B005SRZATG,,103.57
B005SSPPUY,,25.99
B005SSPPIG,,679.96
B005SU62EA,,939.99
B005SY32Q2,,899.0
B005SY30I2,,899.0
B005TC44V0,,250.0
B005TCSQ3C,,42.99
B005TECXWK,,439.65
B005TEXJF0,,18.0
B005TI5RFG,,529.99
B005TKTOWG,,529.99
B005TNHUS8,,549.99
B005TX7XB2,,519.95
B005U5J85S,,529.99
B005UBT7NK,,118.15
B005UBT7PS,,408.0
B005UF6G80,,899.0
B005UOG64A,,451.65
B005UUSHH8,,249.0
B005UUS5PC,,17.99
B005UUSIGS,,8.88
B005UUSI1S,,19.9
B005VGT9AU,,7.95
B005VIY4D0,,379.96
B005VL47LQ,,949.0
B005VMGDA8,,599.99
B005VONUH0,,9.28
B005VONUFW,,10.1
B005VONUK2,,328.99
B005VUL8LE,,22.3
B005VUO7GW,,799.99
B005WDLEAU,,11.15
B005WE5752,,52.52
B005WPUQGG,,799.99
B005WPUQES,,179.0
B005WY0SB0,,439.65
B005X0R17C,,426.95
B005X8CYJY,,439.65
B005XC9H8G,,439.65
B005YRLF8K,,109.24
B005Z5WDKK,,1.49
B005ZG2QZQ,,879.99
B005ZLRVT2,,439.65
B005ZLU2FM,,398.5
B005ZSUJ3A,,899.0
B005ZUIJ0S,,899.99
B0060AD0EC,,589.99
B0060JVFEU,,849.99
B0061Q4UR6,,519.95
B0062E3NNE,,325.99
B0062MXJ08,,346.95
B00630MMWU,,179.0
B00632N8FI,,449.99
B00633LFLQ,,549.99
B00638DRJE,,413.05
B00639J4CC,,45.39
B00643CV6I,,14.99
B00643RCAS,,103.27
B0064QUHW0,,8.9
B0065ANC4K,,239.99
B00666TA0S,,65.0
B006678RX8,,799.99
B0066AI5NM,,649.99
B0066T7D22,,79.0
B00677HQ4S,,999.99
B00677HRBU,,408.0
B0067EK3SM,,4.59
B0067EN2N0,,439.65
B00687WGGA,,32.28
B0068FAMS6,,143.29
B0068NOOIC,,549.99
B00698T0ZS,,239.99
B0069A9ERA,,8.09
B006BRYZE8,,439.65
B006C6CY9G,,529.99
B006DX5JSG,,37.17
B006E916QI,,98.17
B006EPQA0E,,49.95
B006EXWU2I,,514.95
B006F1UZYE,,40.75
B006FBC62I,,17.99
B006FJE8G2,,15.99
B006FKD934,,405.0
B006G19EIQ,,489.0
B006G5F2CY,,399.99
B006GHDF94,,109.34
B006GTD0D8,,18.0
B006GTD0L0,,439.65
B006GTCXG8,,11.48
B006GTD1PA,,58.0
B006GTCZKC,,18.0
B006GTCYVW,,39.99
B006GTDPYM,,8.6
B006GTCZ48,,439.65
B006GTCVZQ,,439.65
B006GTDQ7S,,19.99
B006GTD0SS,,355.99
B006GWRFOU,,27.79
B006GZCI2G,,659.99
B006HOK5F8,,18.0
B006HUJZJE,,8.6
B006I0RTMI,,15.25
B006IITEUK,,679.96
B006ITEB34,,74.18
B006ITK4C6,,64.76
B006ITP692,,354.99
B006ITMLB8,,405.0
B006ITJTHW,,379.0
B006IWK1KI,,439.65
B006IWJL2W,,11.48
B006IWK1WG,,369.99
B006IWK0H2,,93.19
B006IWK1AI,,16.31
B006IWK0RC,,929.99
B006IYM9G0,,469.99
B006J3QRRC,,398.5
B006JRQXPO,,235.0
B006JS17X6,,399.99
B006KRRL2M,,306.0
B006KWA97G,,599.99
B006KW6P42,,399.99
B006KYY15A,,19.9
B006KYY0LK,,24.99
B006KYY0XS,,11.99
B006KYY0GA,,857.0
B006KYY1FU,,839.95
B006KYY0TC,,13.98
B006KYY0CY,,19.9
B006KYYYK2,,839.95
B006KYY00Q,,17.9
B006KYY0PQ,,839.95
B006L4ET5G,HP,515.28
B006LMIRRE,,539.0
B006LUTECI,,850.49
B006LWQU96,,369.96
B006LWUPJC,,439.65
B006LWUP7O,,18.0
B006LWQUAA,,13.98
B006LX2MQK,,344.41
B006LX2IU0,,5.49
B006LX2K08,,698.0
B006LX2NPK,,439.65
B006LX2MYC,,797.95
B006LX2NWI,,739.99
B006LX2J0E,,698.0
B006LX2K3A,,698.0
B006LX2MQA,,709.5
B006LX2ITQ,,629.0
B006LX2K44,,724.39
B006LX2MPG,,699.7
B006LX2PXK,,125.26
B006LX2K0I,,698.0
B006LX2K3K,,980.6
B006M3EI0M,,19.9
B006M5S8CE,,754.99
B006M93SRK,,6.8
B006M9ZVXE,,799.99
B006M9ZWSI,,6.24
B006M9ZVXY,,679.96
B006M9ZX8W,,262.04
B006M9ZX7S,,729.99
B006M9ZWRY,,749.99
B006M9ZVYI,,518.75
B006M9ZWPG,,405.0
B006M9ZX78,,103.36
B006M9ZW56,,599.99
B006M9ZWNS,,518.75
B006MB7DII,,109.29
B006MB7DI8,,109.26
B006MB8H4C,,109.99
B006MB7CMA,,262.04
B006MB8GLQ,,38.97
B006MB8GJS,,32.5
B006MB8GL6,,109.99
B006MKF4HG,,179.0
B006MO0JAY,,147.25
B006MO0IZA,,18.0
B006MO0IYQ,,249.0
B006MO0J0O,,97.74
B006MO0IY6,,529.99
B006MOXUSM,,529.99
B006MX0WAW,,17.5
B006MX0WPW,,19.9
B006NG6DEM,,699.9
B006O3T4D6,,49.44
B006O5ZJGK,,519.95
B006O7FLRK,,109.26
B006O7FLRA,,125.26
B006O7FLQG,,787.77
B006O7FLEI,,13.98
B006O7FM0G,,37.01
B006O7FLYS,,18.0
B006O8G4VG,,424.98
B006OAW5BC,HP,514.95
B006OEL9FG,,37.66
B006OEL86Q,,799.0
B006OEL9GU,,40.75
B006OEL988,,45.48
B006OEL8J8,,53.95
B006OEL9S8,,365.44
B006OEWAZ4,,22.96
B006OEL8FC,,39.74
B006OEL7Z8,,576.0
B006OEL898,,699.0
B006OEL9HE,,64.56
B006OEL9GA,,49.54
B006OEVXTI,,18.9
B006OIMBN6,,23.49
B006OIMCE4,,519.95
B006P1BZ3Y,,439.65
B006P1JK4U,,549.95
B006P2XAJ0,,37.17
B006P65OXQ,,48.5
B006P8Y8YU,,37.01
B006PAAMA2,,857.0
B006PCDJI2,,999.0
B006QNV2OI,,574.98
B006RA0A4S,,699.98
B006RA09S0,,354.99
B006RA08U4,,699.98
B006RA07F0,,22.49
B006RM6F6I,,13.99
B006SONX74,,698.58
B006T2GH2I,,45.43
B006T59YRA,,306.0
B006THITAG,,519.99
B006THJ4UK,,5.99
B006THIU8M,,80.95
B006THIULY,,103.3
B006TI443G,,679.99
B006TI42J2,,15.34
B006TI4292,,355.99
B006TI42QU,,469.9
B006TZGCDE,,539.0
B006U0XU9C,,479.99
B006UH5BJM,,699.0
B006VCOW5U,,539.99
B006VPNG2M,,13.98
B006WBTOXU,,179.0
B006WQ5W9K,,23.49
B006Y0KMW6,,599.0
B006Y7WCLS,,439.65
B006Y7XLVS,,266.88
B006YC660Q,,45.38
B006YIDBS0,,399.99
B006YJE7DC,,10.1
B006YJZB8W,,519.95
B006YJZ952,,10.6
B006YL1AMG,,32.28
B006YLKJUA,,16.31
B006YLKFR2,,109.28
B006YLEU32,,23.49
B006YSEV48,,329.99
B006YSN9VE,,649.99
B006YVM976,,349.0
B006ZB3FVY,,599.99
B006ZB3F8M,,519.95
B006ZB3G18,,64.07
B006ZB3GPO,,64.07
B006ZB3F2I,,284.99
B006ZB4KEA,,229.0
B006ZLDCD0,,41.96
B006ZLR05Q,,10.1
B0070FKAM6,,12.79
B0070HOYEO,,73.6
B00713CSTK,,103.07
B00713CSS6,,13.98
B00713DPNS,,24.99
B00713DPM4,,422.98
B00713DPNI,,54.0
B00713KF5E,,127.98
B00713CSWM,,41.96
B00713KF40,,127.98
B00713KF3Q,,4.99
B00713KFUY,,30.25
B00713KFTK,,13.98
B00713KFSQ,,21.98
B00719OCRU,,378.96
B0071AYJJU,,36.95
B0071EE1K8,,408.0
B0071G11FE,,109.32
B0071N51XK,,514.95
B00723QYDU,,408.0
B0072BA3AW,,184.94
B0072CMOH6,,439.65
B0072H4I66,,54.0
B0072IEJLO,,15.01
B0072VQHM0,,72.99
B00730NYYY,,439.65
B00735XD0E,,235.0
B00739EQF6,,439.65
B00739L8B6,,519.95
B00739VGTU,,18.0
B00739TPEI,,749.99
B00739VH8A,,54.0
B00739VH1M,,109.31
B00739VFMS,,439.65
B00739VFX2,,195.0
B00739UN9Y,,749.99
B00739VG3G,,54.0
B0073T3VMA,,13.98
B00746Z6RK,,989.0
B00746YHV6,Apple,805.99
B00746YMHA,Apple,964.0
B00746YPQI,Apple,889.99
B00746YZS6,,899.0
B007474Y04,,989.0
B00758109A,,349.0
B007582NQE,,23.49
B007582KPI,,246.09
B0075A68TA,,102.88
B0075EGMN8,,698.0
B0075FRIYE,,439.65
B0075MR9YQ,,519.95
B0075ZRAKG,,349.0
B00760RLU4,,749.0
B0076E9CL6,,365.44
B0076MUQKE,,439.65
B0076Q0MOK,,439.65
B00771V6GC,,649.99
B0077RJ8KW,,599.99
B0078C025G,,64.14
B0078HGTR6,,399.0
B0078R3BEK,,349.0
B0078S74P6,,64.07
B0079M385G,,849.5
B007A5J2KW,,18.0
B007AF73FS,,20.76
B007AIS890,,47.99
B007AV3PNG,,18.0
B007AV3UG8,,408.0
B007AV3Q6C,,179.0
B007AV3T0U,,179.0
B007B50MFA,,408.0
B007B5T43G,,72.82
B007B5YCK6,,849.5
B007BEIBZY,,9.87
B007BEXHHG,,439.65
B007BF4KI0,,29.91
B007BFC2EY,,7.2
B007BFBV4G,,679.99
B007BFOP0I,,849.99
B007BPNFK4,,5.38
B007C787PO,,246.09
B007CKT5Y8,,679.96
B007CKQMPI,,449.99
B007D5SKOS,,510.0
B007D5SM1O,,539.99
B007D5SPK2,Samsung,769.99
B007DXEOEU,,7.05
B007E8TWQ4,,37.99
B007EIHUWC,,49.96
B007EV95OK,,891.0
B007FH8R88,,7.05
B007FS63UQ,,959.99
B007G7CO2C,,284.99
B007GBVO1K,,39.99
B007GFWOXS,,529.99
B007GVZ9KC,,899.99
B007GVZA1A,,13.98
B007GY9DH4,,14.85
B007GYLIDQ,,499.99
B007H0QAQY,,37.39
B007H1F1SG,,529.99
B007H9NZYA,,13.99
B007IFSYMQ,,599.99
B007IWFB8O,,246.09
B007J68FAK,,399.99
B007JDOW6Y,,29.99
B007JWG54M,,20.15
B007L5O1DE,,71.8
B007L8AZ0E,,229.0
B007LFOFF8,,835.0
B007M2LBTS,,439.65
B007MUOMIM,,37.69
B007MW146S,,249.0
B007MW1A44,,39.99
B007MW13PA,,249.0
B007MXURGA,,7.99
B007N877AI,,849.99
B007NZX534,,799.0
B007OWR58W,,12.5
B007P6IXLA,HP,816.88
B007PN1KEK,,399.99
B007PN2L3Y,,18.95
B007PSKZL4,,849.99
B007PV9WY2,,999.99
B007PX2R7E,,344.41
B007PX2ROW,,649.99
B007PZJAK4,,21.99
B007PZJCJI,,949.0
B007Q43T6U,,38.22
B007Q4LWAA,,689.99
B007QOXDCU,,399.99
B007QPZSDG,,29.99
B007RFTO4O,,514.99
B007RFYO9Y,,379.96
B007RXCWEU,,439.65
B007S63H1S,,54.95
B007SR1HCS,,599.99
B007SWPRA6,,8.99
B007SYXG1Q,,514.99
B007SYXFWG,,649.99
B007TWBL1E,,599.99
B007UE2SPE,Dell,625.0
B007VCU3O8,,579.99
B007VPFXOK,,110.53
B007VPFV6K,,93.7
B007VPFSYU,,399.99
B007VPFW3C,,18.0
B007VPFUFM,,399.99
B007VPFSKE,,488.0
B007VPFST0,,488.0
B007VWX8YK,,71.84
B007VWXB5G,,709.5
B007VWX8YU,,439.65
B007VWX8ZY,,369.96
B007W4G7AO,,419.0
B007WI1PJS,,16.75
B007WSOGUS,,549.99
B007WZK00G,,59.95
B007X0ASZW,,80.95
B007X0ASZM,,249.0
B007X0AT0G,,2.99
B007X5QL58,,49.3
B007XQM0TS,,23.49
B007XUCSYQ,,988.0
B007Y27SBG,,37.99
B007Y70D4K,,376.54
B007Y8DJAO,Samsung,699.88
B007Y8DJ22,,299.0
B007YDHL7Q,,198.9
B007YHMAF0,,198.83
B007YLA3T6,,107.85
B007YUHJPS,,49.58
B007YZCWWS,,959.0
B007Z5MEA2,,119.3
B007Z7RPZ4,,439.65
B007Z7RW1Q,,439.65
B007Z92SJU,,13.98
B007Z9EB0O,,23.49
B007ZCSGAW,,100.99
B007ZCSXJ6,,18.0
B007ZD735U,,71.84
B007ZF3DJS,,36.07
B007ZT2DMC,,144.74
B007ZT2XHW,,749.99
B007ZWF37Q,,13.98
B008048YAQ,,20.9
B0080C222O,,328.99
B0080C23NC,,999.0
B0080C21Y8,,57.86
B0080C23R8,,18.0
B0080C23KU,,12.5
B0080C225Q,,999.0
B0080C21ZM,,67.99
B0080C23OQ,,999.0
B0080EBMQO,,10.1
B0080EBMAA,,116.23
B0080EBMUK,,634.99
B0080EBMFU,,116.23
B0080EBKCK,,110.55
B0080EBM0U,,116.23
B0080EBMM8,,349.0
B0080XEYLK,,449.99
B00811VCM0,,4.99
B00811VCMK,,634.99
B00811VCN4,,822.96
B0081SE0G8,,879.99
B0081YPXOA,,629.0
B0081YPUQQ,,344.41
B0081YPX1I,,497.0
B0081YPYFI,,649.99
B0081YPXOU,,995.99
B0081YPWCS,,649.99
B0081YPUS4,Dell,980.6
B0081YPUSO,,849.99
B0081YPW1O,Dell,929.99
B0081YPXOK,,849.99
B0081YPX22,,999.99
B0081YPYE4,,698.0
B0081YPUTI,Dell,929.99
B0081YPUT8,Dell,879.99
B0081YPW5A,,344.41
B0081ZDYJA,,879.99
B0081ZDW2O,,849.99
B0081YPYXK,Dell,929.99
B0081ZDYWC,,849.99
B0081ZDW9M,Dell,899.0
B0081ZDZ30,,579.0
B0081YPXMC,,649.99
B0081ZDWQ0,,579.0
B0081ZDVI4,,497.0
B0081ZDX7S,,949.0
B0081ZDYQI,Dell,899.0
B0081ZDYBI,,497.0
B0081ZDWZQ,,699.0
B0082C144E,,549.0
B0082CWBF0,,8.0
B0082CW72W,HP,628.99
B0082CWIVC,Toshiba,449.0
B0082JFDN0,,37.99
B0082JFD1W,,37.99
B0082JFDQM,,17.43
B0082MGM7I,,23.49
B0082PRK58,,769.99
B0082PRE36,,116.29
B0082PRFB2,,679.96
B0082PS1KQ,,529.99
B0082PS2IM,,459.99
B0082PRJFE,,599.99
B0082PT8OY,,749.99
B0082PT7WC,,518.75
B0082PZ0Q4,,632.0
B0082PZ17C,,19.9
B0082PZ0EG,,110.53
B0082PZ0LO,,839.95
B0082PREUO,,529.99
B0082PZ06O,,439.65
B0082PT6VO,,449.99
B0082PTBRS,,18.0
B0082PZ0H8,,839.95
B0082PZ0AU,,849.99
B0082PT7JA,,439.65
B00839XQU6,,413.05
B0083BRXLM,,325.99
B0083M0ENA,,399.95
B0083PR78W,,699.0
B0083S3N3W,,17.9
B0083S3NQY,,413.05
B0083S3KVW,,18.0
B0083S3OFE,,839.95
B0083S3P6M,,13.98
B0083S3MT2,,839.95
B00844UO5U,,48.55
B00845F2YM,,39.99
B008471QEU,,13.99
B008472LNK,HP,960.99
B008482UHG,,799.99
B008482SCS,,18.0
B008482RQ0,,18.0
B008482J9U,,891.0
B0084830AW,,110.54
B008482XOG,,355.99
B008482X6E,,447.29
B008482V8O,,14.43
B008482YWM,,799.99
B0084C31WA,,679.96
B0084C2ZSG,,466.85
B008562RDO,,10.1
B008562RES,,349.0
B0085H63PQ,,634.99
B0085H64I2,,634.99
B0085H655O,,822.96
B0085H64E6,,262.09
B0085H657M,,749.98
B0085H63TC,,779.92
B0085H655Y,,698.75
B0085H63QA,,449.99
B0085H65VS,,23.99
B0085H63QU,,799.99
B0085H65RC,Acer,698.56
B0085H660S,,529.99
B0085H64GY,,989.99
B0085N1FFS,,849.99
B0085N1EM2,,34.16
B0085N1F5I,,447.29
B0085N1EV8,,39.99
B0085N1FQC,,19.99
B0085N1D8M,,799.99
B0085QPUKQ,,23.49
B0085RV068,,649.0
B0085RUZAA,,23.49
B0085RUYCO,,19.49
B0085RUZE6,,649.99
B0085RV1NA,,799.99
B0085RV05O,,939.99
B0085RUZBE,,705.0
B0085RV17Q,,8.4
B0085RV15S,,48.52
B0085RUYHE,,7.05
B0085RUZFA,,12.5
B0085RZPPA,,649.99
B0085RV0CW,,576.0
B0085RZPP0,,799.0
B0085RUZ7S,,447.29
B0085RV0AY,,23.49
B0085RV0AO,,649.0
B0085XGMMO,,447.29
B00861CS0U,,17.99
B00863L2NC,,999.99
B00863L3KY,,999.99
B00863L2MI,,899.0
B008682K06,,8.0
B0086G31OW,,529.99
B0086I3OME,,649.99
B0086OGLMI,,999.95
B0086OGLI2,,355.99
B0086OGLUK,,849.99
B0086OGLXC,,849.99
B0086RREX0,,18.0
B0087MQHC8,,195.0
B0087PUHK8,,169.15
B00889NZRK,,257.48
B00889O754,,13.98
B0088FLXQ4,,399.99
B0088JGIWO,,447.29
B0088L18FE,,799.99
B0088L18EU,,190.86
B0088L19VC,,939.99
B0088L182M,,519.88
B0088L18E0,,769.99
B0088L18TK,,769.99
B0088L197G,,4.68
B0088L1YB2,,365.44
B0088L1A84,,11.49
B0088L182C,,769.99
B0088L1A70,,57.99
B0088L181I,,519.88
B0088PINIK,,447.29
B0088PQQMA,,369.96
B0088PQQ2A,,548.09
B0088YBOKK,,999.0
B0088YBQKI,,116.26
B008915LC4,,128.99
B00891HZFK,,398.5
B008997YWG,,12.0
B00898Z172,,599.99
B0089E7BH4,,969.99
B0089EJ7HG,,18.78
B0089KDD84,HP,699.0
B0089KDD5C,,649.99
B0089PHR2M,,447.29
B0089PIPBY,Sony,499.99
B0089WLYII,,539.9
B0089WLYQ0,,249.0
B0089WLZV4,,249.0
B0089WM01S,,13.98
B0089WM09K,,249.0
B008ABL1VS,,705.0
B008ABL2H6,,959.0
B008ABO6WY,,634.99
B008ABO71E,,449.99
B008AEBWQO,,891.0
B008AEEX4W,,449.98
B008ALCSCY,,442.9
B008ANFSV0,,398.5
B008ASQ2EC,,499.89
B008AVLI8E,,71.79
B008AZSCZM,,732.29
B008AZSZVS,,159.99
B008AZS8DI,,679.96
B008AZSY7S,,709.99
B008AZS8I8,,420.0
B008AZS888,,799.99
B008AZSOM8,,159.99
B008BF7VF8,,18.0
B008BF7UYU,,23.49
B008BF7V9Y,,58.0
B008BIG2LY,,639.99
B008BKNW9M,,116.26
B008BMK65I,,519.95
B008BU9BWY,,369.96
B008BWQ7GK,,753.99
B008C3GQEQ,,787.77
B008C7AFH6,,891.0
B008C7BWRI,,246.09
B008C7C1E6,,799.0
B008C9LFJQ,,774.99
B008C9XQX4,,799.99
B008CHC1HS,,18.0
B008CJ14RE,,369.96
B008CPZJUG,,479.99
B008CQMOXA,,929.99
B008CWLHJQ,,899.0
B008D2JL7K,,50.93
B008D66YXK,,649.99
B008DKBZIA,,19.99
B008DM732A,,9.99
B008DWAIIG,,110.58
B008DYBGWG,,29.91
B008EC0GMS,,599.99
B008EDRRXI,,71.83
B008EI81YC,,474.99
B008EXL8WY,,7.2
B008F56AGA,,939.99
B008F9L296,,246.09
B008FC6ZVI,,4.99
B008FCF5WS,,80.85
B008FCPL9U,,30.0
B008FH1R0M,,209.99
B008FJL6IS,,49.99
B008FPIJSM,,349.99
B008FSERSK,,38.83
B008G1HBDE,Dell,849.5
B008GLB5B8,,519.95
B008GUHWJ8,,447.29
B008GV6RQG,,133.95
B008GV6QV2,,989.0
B008GVR52Q,,514.95
B008H65CMK,,78.47
B008H755KI,,746.0
B008HAI9I0,,529.99
B008HDOBHK,,349.95
B008HDOCWO,,4.99
B008HF1CDE,,349.95
B008HTK0Q0,,891.0
B008HUABYU,,998.0
B008HYTTYY,,37.59
B008IISC4M,,687.0
B008ILCG8C,,128.99
B008IUK5W2,,549.97
B008IWWU6Y,,753.99
B008IYNL5G,,589.99
B008J3YHUY,,749.99
B008JGLAOW,,529.99
B008JHCRTI,,658.0
B008JHV5P0,,539.99
B008JKW2NQ,,125.84
B008KPA3OA,,10.1
B008KSA7HU,,379.88
B008L2W5HK,,549.99
B008L3WLG4,,929.99
B008LDPNNM,,436.99
B008LF5ARO,,929.99
B008LIBZJS,,18.0
B008LM90B4,,405.0
B008LMJG4A,,529.99
B008LQF5DC,,687.0
B008LQV0QI,,891.0
B008LX1M7I,,11.86
B008M61XXW,,198.81
B008MF5LOK,,749.0
B008MF1VVM,,748.8
B008MM3L72,,408.0
B008MQ7S9U,,79.0
B008MRTU3Q,,198.83
B008MTLKBE,,687.0
B008N2NWZM,,669.99
B008N6GXKE,,13.98
B008NLIU46,,18.0
B008NZ76OW,,54.31
B008NZM8J0,,361.45
B008NZT42Y,,13.99
B008NZTBVI,,549.99
B008O4UHPC,,25.0
B008O877V0,,27.99
B008OCV4TM,,198.87
B008OD1C02,,988.0
B008OK05QC,,829.99
B008P3ZKLS,,18.0
B008POQZO8,,110.53
B008PU7RKS,,539.0
B008PVD5TO,,599.99
B008QAPH0E,,7.13
B008QDJUI6,,519.95
B008QVP6ZO,,12.98
B008RF3TBM,,447.29
B008RH54GI,,529.99
B008RZ4PT2,,408.0
B008TCUUYM,,349.99
B008TN6COI,,349.99
B008TRTOQW,,71.83
B008TYFE32,,699.98
B008UABBA0,,447.29
B008UTCSQM,,9.99
B008UULZJ2,,899.0
B008UYNEP6,,71.78
B008UZJ3VE,,229.0
B008V46V8M,,48.98
B008VGRAS0,,369.96
B008VJTIWI,,447.29
B008VMDKQU,,67.99
B008VNDHPI,,408.79
B008VRVV9S,,409.99
B008VRVUFS,,408.0
B008WJ3NQE,,447.29
B008WJ6G6S,,23.99
B008XAS466,,693.9
B008XCTWS8,,49.58
B008XDX70Q,,447.29
B008YGNS06,,479.99
B008YJ62H4,,447.29
B008YPKTYA,,269.99
B008YWGTVU,,879.99
B008Z1OSC2,,349.99
B008Z8V5YE,,899.0
B00904OKMQ,,464.95
B00905IGFC,,447.29
B0090LNHEG,,346.2
B0090R4XHU,,447.29
B00914VIQG,,699.0
B0091GYMBW,,788.88
B0091GYMLM,,732.29
B0091OWFFY,,399.99
B0091T2GLC,,199.99
B0091V1VF2,,849.99
B0091YLBUY,,198.86
B0091YU6VY,,198.86
B00921CZ0G,,10.1
B0092BL7R8,,13.98
B0092F6C6U,,71.84
B0092H1P8I,,849.99
B0092H36TY,,925.0
B009374VYC,,799.0
B00938KSCK,,10.1
B0093ABI2W,,529.99
B0093NM5GC,,305.99
B00949O77U,,32.37
B0094JT6AI,,549.99
B0094K2848,,849.99
B0094KGSLC,,649.88
B0094NKF2M,,549.99
B0095ZC2WU,,519.95
B00960AXQQ,,399.99
B0096CL9RQ,,649.99
B0097HI8HE,,81.99
B0098ADASC,,279.99
B0098KQDA4,,548.09
B0098O6DZK,,116.28
B0098O6D4Q,,849.99
B0098O6FIU,,92.74
B0098O9TRO,Samsung,949.5
B0098ZUFUI,,54.31
B00991ZKFQ,HP,599.99
B00998QVYS,,799.0
B0099PXQKS,,54.31
B009A17B7U,,403.15
B009A178GE,,557.87
B009A17B3Y,HP,439.99
B009A17BCU,HP,419.0
B009A17BBQ,HP,794.49
B009A1785K,,949.99
B009A178BO,,557.87
B009A178G4,HP,657.88
B009A8KZNK,,549.99
B009A8KZM6,,369.96
B009A8L0J8,,822.96
B009A8KZKS,,299.0
B009A8L0IE,,459.99
B009A8KZMG,,339.99
B009A8KZLW,Gateway,448.8
B009A8L0HU,Acer,619.99
B009AANCN8,,533.81
B009AANCLU,,80.8
B009AANCKG,,299.0
B009AANCLK,,269.99
B009AAXW0G,,32.5
B009AAXVWA,,4.99
B009AEPK0W,,582.9
B009AEPLGA,,529.99
B009AEPTVC,,529.99
B009AEPKEI,,599.99
B009AEPSXQ,,399.99
B009AEPX0E,,719.99
B009AEPKPM,,449.99
B009AEPUQG,,590.0
B009AEPU8Y,,18.0
B009AEPLVA,,24.99
B009AEPXJU,,630.0
B009AEPJOY,,439.99
B009AEPVX8,,649.99
B009AEPW5K,,649.99
B009AEPIPE,Lenovo,414.0
B009AEPYWQ,Lenovo,639.0
B009AEPXT0,,590.0
B009AEPI90,Lenovo,499.0
B009AEPYKI,,590.0
B009AEPHH8,,489.99
B009AEPS4K,Lenovo,579.99
B009AEPVFG,,590.0
B009AEPXAY,Lenovo,648.0
B009AEPH00,,488.0
B009AEVMH2,,729.99
B009AF4XZE,,499.99
B009AEVLJ6,,649.99
B009AF5AEM,,13.98
B009AEYDZA,Asus,899.99
B009AF5BJQ,,849.99
B009AF52NQ,,447.29
B009AF583A,,799.99
B009AF53HQ,Toshiba,409.89
B009AF57JU,,999.95
B009AF6AXM,,705.98
B009AF4ZL6,Toshiba,349.9
B009AF67BW,,658.0
B009AF5736,Toshiba,349.99
B009AF50F6,,432.99
B009AF6DHU,Asus,345.89
B009AF6E9W,,498.99
B009AF58RQ,Toshiba,753.99
B009AF4YRG,,499.99
B009AF59GQ,,749.99
B009AU2JPU,,557.87
B009AU2IBK,,25.0
B009AU2I88,HP,818.8
B009AU2I92,,474.95
B009AU2JIC,HP,436.99
B009AU2JO6,HP,560.0
B009AU2IA6,,589.99
B009AU2ICY,HP,489.89
B009AU2JT6,,644.99
B009AWDOLQ,,385.0
B009B1JI16,,107.79
B009BUEQUA,,13.99
B009CAWL2E,,198.8
B009CGSUSC,,369.96
B009CQNPXW,,80.88
B009CQNPYQ,,729.99
B009CQNPWS,,669.99
B009D0XXPC,,305.99
B009D18EWS,,498.99
B009D1UUX4,,539.99
B009D1UVGA,,739.99
B009D1UXL8,,409.99
B009D1V9RA,,849.99
B009DSO9WK,,27.99
B009DXVUTU,,979.0
B009DXVUPY,,47.97
B009DXVVB2,,979.0
B009DXVV1W,,979.0
B009DXVVL2,,489.95
B009DXVUQS,,979.0
B009E9KKGW,Acer,659.99
B009E9VGXI,,529.99
B009EO4N2O,,891.0
B009EQTU20,,369.96
B009F1I16K,,329.99
B009F1J4R0,,929.99
B009F1JL5A,Asus,787.77
B009F1I1C4,Asus,548.09
B009F1II54,Asus,945.0
B009FB2DG4,,447.29
B009FI2IWG,,899.99
B009FX5C2E,,462.88
B009FX5DDW,,4.99
B009FX7BW8,,698.0
B009FX7D08,,879.99
B009FX5DF0,,753.99
B009FX7CHC,,980.6
B009FX7BDW,,379.0
B009FX7BX2,,22.49
B009FX7DI0,,724.95
B009FX7CGS,Dell,649.0
B009FX7CF4,,344.41
B009FX7CG8,,399.99
B009FX7DGW,,649.99
B009FX7BFU,Dell,679.99
B009FX7CFE,,489.0
B009FX5BGQ,,18.0
B009FX7CZO,,899.99
B009FX5CY2,Toshiba,349.99
B009FX7DIK,,644.99
B009FX7BDM,,899.0
B009GLGBWA,,229.0
B009GP85RA,,369.96
B009GVAKRM,,857.0
B009H0LIL4,,753.99
B009H2CL1I,,729.99
B009H2CL22,,369.96
B009H8D7M4,,529.99
B009H8RI38,,37.99
B009H8RH84,,8.84
B009HMOLPM,,128.11
B009HNVR26,,809.99
B009HPGG02,,106.49
B009HPGEWC,,104.65
B009HPGLJ8,,16.31
B009HPGMZQ,,788.88
B009HPGK4Y,,669.0
B009HPGHW4,,104.65
B009HPGJ5Y,,669.0
B009HPGKB2,,49.99
B009HPGLKW,,104.65
B009HPGG2K,,669.0
B009HPGDV4,,106.49
B009HPGJ5E,,106.49
B009HPGLMK,,850.0
B009HPGDY6,,104.65
B009HPGJ36,,106.49
B009HPGK5I,,979.0
B009HPGHY2,,235.0
B009HPGHVU,,106.49
B009HPGMYC,,104.65
B009HPGJ4A,,6.49
B009HPGN00,HP,409.99
B009ISRJHW,,329.99
B009IZJFS6,,891.0
B009JU1OPM,,105.0
B009JXK1WQ,,779.92
B009JXJX2K,,549.95
B009JXK13U,,25.0
B009JXJY2O,,385.9
B009JXJWUI,,529.99
B009JXK1B2,,519.95
B009JXJYKG,,349.99
B009JXK1T4,,799.99
B009JXJXAC,Acer,998.32
B009JXK23O,,799.99
B009K52S4M,,14.99
B009L8GKC4,,235.0
B009L90FQA,,11.47
B009L9SJ3Q,,18.0
B009LKNGTC,,344.41
B009LKNGTW,,695.99
B009LKNGUQ,,549.99
B009LKNHL4,Dell,759.0
B009LKNGSI,,142.88
B009LKNHK0,Dell,849.18
B009LKNHLY,,797.95
B009LL9V6S,,839.95
B009LL9VDG,Samsung,229.0
B009LRJ1GM,,107.45
B009LTUB0U,,489.0
B009LTUB5A,Dell,839.99
B009LTUB14,Dell,497.0
B009LTUB1E,,499.99
B009LTUCFE,Dell,849.99
B009LTUB9G,Dell,889.0
B009M2YNWI,,179.0
B009M2X8PG,,498.99
B009M3PP7O,,449.99
B009M3PP92,,10.1
B009MBC2N6,,538.49
B009MBC2HW,,538.49
B009MPBEH2,,439.99
B009MPBF2G,,518.75
B009MPBFNU,Lenovo,679.99
B009MPBJKO,,590.98
B009MPB0Y4,,629.99
B009MWV25O,,748.8
B009NKA72Y,,519.95
B009NNOFOM,,235.0
B009O3W0BG,,49.31
B009OV18SE,,609.99
B009OV196U,,609.99
B009OV192E,,609.99
B009OV50V0,,609.99
B009OV5150,,609.99
B009P5VS48,,49.86
B009P7JJZG,,891.0
B009PC5Q7Q,,998.0
B009PG4CG8,,11.47
B009PHTAU0,,519.88
B009PHTHEO,,549.99
B009PHTAFK,,519.88
B009PHTVGS,,499.99
B009PHTX70,,579.99
B009PHTYCE,,399.0
B009PHTCKI,,53.56
B009PHUR66,,137.0
B009PHVMC4,,659.99
B009PHVLHA,,459.88
B009PHT8Z2,,188.29
B009PHVLSO,,549.99
B009PHVDDC,HP,579.9
B009PHV7KG,,699.0
B009PHV7V0,,528.99
B009PHVO3Q,,269.99
B009PHV8QY,,699.0
B009PHTHRG,HP,689.99
B009PJHE4W,VIZIO,518.0
B009PJHE42,,799.99
B009PJHE7O,,540.0
B009PJHD3Y,,540.0
B009PO9OFO,,29.99
B009POU0B6,,749.0
B009POU01Q,,689.0
B009POU86I,,188.29
B009PTN4PK,,108.31
B009PTNE0K,,419.0
B009PTNBEO,,729.99
B009PTNAOK,,753.99
B009PTRO0Q,,83.46
B009PTROEC,,695.99
B009QA5KP0,,999.99
B009QG6BMA,,12.5
B009QG6F8A,,12.5
B009QN9JR2,,447.29
B009QX5IR2,,125.24
B009QY3JYA,,12.5
B009R7VQIW,,447.29
B009R9XLRE,,68.0
B009RSFJD4,,828.88
B009RSFGZK,,37.99
B009RUNY8Y,,362.0
B009RULQ34,,363.99
B009S0Q4RQ,,184.45
B009SALCPU,,119.94
B009SNJ4TI,,849.57
B009SQ2SXO,,749.0
B009SV0SHM,Asus,899.0
B009TC8MLE,,108.22
B009TC8A5W,,599.99
B009TC9D5I,,179.0
B009TLA7P4,Lenovo,299.0
B009TRBJ5A,,447.29
B009U91PME,HP,579.99
B009UE8AFE,,349.99
B009UEU6BA,,969.0
B009UESY2I,,969.0
B009UFL8XE,,679.96
B009UFN1O8,,9.69
B009UFN9LI,,679.96
B009UFNUIA,Lenovo,763.95
B009UFYPG6,,718.0
B009UG8P9S,,13.98
B009UFKM0O,,999.99
B009UED680,,679.96
B009UGZ4ZG,,718.0
B009UGZ1YA,,679.96
B009UPAV78,,499.0
B009UPAVP0,,699.99
B009US2BKA,,698.0
B009V0ODSK,,409.99
B009V1WAZW,,447.29
B009VI4U5I,,949.99
B009VO23NI,,569.99
B009VQWVP6,,68.7
B009VPUSB6,Acer,499.88
B009VQU27A,,24.99
B009VUUK1E,,649.99
B009W9A9GU,,174.0
B009X0YJ1O,,17.5
B009X5KKTE,,108.31
B009X5DN34,,159.99
B009X5PWLU,,13.98
B009X8EAA6,,557.87
B009X8EB8W,,229.0
B009X8EA92,,589.99
B009X8EB7I,,519.95
B009XCMAE0,,969.99
B009XCXCTM,,949.99
B009XD26JS,HP,751.99
B009XG1RR2,,579.0
B009XGFCUU,,235.0
B009XI4T6Q,,399.99
B009XSVNX8,,404.0
B009XTWJYE,,469.0
B009XU3R26,,569.99
B009XU3Y9C,,519.99
B009XU3E42,,999.99
B009XU9Y64,Toshiba,420.5
B009XUIINO,,55.33
B009XV9PVC,,235.0
B009XVGQ0K,,25.0
B009Y42IW6,,13.98
B009YETOVO,,939.99
B009YNEGTA,,999.99
B009YON0IM,,549.99
B009YWLOVY,,349.99
B009Z95ND6,,147.22
B009Z9RGBS,,99.99
B009Z9T91I,,849.88
B009ZJ5ZC0,,286.94
B009ZT1Z3S,,789.95
B009ZW8BD2,,65.69
B009ZZ61Z4,,529.99
B00A0DETT0,,429.9
B00A0J4JEO,,959.0
B00A0P50TQ,,349.99
B00A0UWZGW,,824.99
B00A0Z3LDI,,25.0
B00A1DZ268,,429.9
B00A1JVW0W,,478.78
B00A1PCKM0,,49.28
B00A221208,,246.09
B00A22U6SM,,184.44
B00A27ERFK,,348.0
B00A29Q0KI,,286.94
B00A2GDC2U,,286.89
B00A2T9ZNW,,49.31
B00A30U31S,,399.99
B00A39F210,,709.99
B00A39ENCO,,184.44
B00A3D2HC8,,887.77
B00A3FSA4U,,9.47
B00A3MJCBS,,17.43
B00A3PJD82,Lenovo,490.0
B00A46K6AO,Toshiba,349.99
B00A4FWVYO,,693.97
B00A4TN97S,HP,369.0
B00A54TZ16,,349.99
B00A56C21Y,,649.88
B00A66XJZ6,,32.5
B00A674NQY,,36.91
B00A6HPD3Q,Samsung,799.59
B00A6USCCC,,799.0
B00A6X2RPW,,447.29
B00A73I0GQ,,246.09
B00A7DIV4M,,849.98
B00A7FUHGU,,689.72
B00A7KYHFM,,13.98
B00A7O4Z2I,,949.99
B00A7XP2D0,HP,579.99
B00A813PUI,,694.59
B00A82NLYW,,749.98
B00A8FBBBE,,22.49
B00A8IQ6YI,Toshiba,744.0
B00A8JKCP6,,78.84
B00A8NJ3SY,,849.99
B00A8NOZYQ,HP,648.98
B00A8NYUBO,,909.99
B00A8ONKKU,,19.9
B00A8OMTH0,,22.99
B00A8OTCWU,,699.9
B00A90FH5E,,344.41
B00A94444K,HP,685.98
B00A96ROAE,,359.99
B00A9IOWMA,,458.0
B00A9IIJGA,,458.0
B00A9IGV7E,,358.99
B00A9LOWMM,,392.98
B00A9QW7YW,,187.73
B00A9SSJS8,,184.44
B00A9TCO60,,434.09
B00A9XKQ6Q,HP,659.99
B00A9XSJL0,,246.09
B00A9Z2U8Q,,665.98
B00AA15WQQ,,849.99
B00AAAV4B4,,17.9
B00AAE4SZE,,379.96
B00AAGESF2,HP,803.99
B00AAH0VFC,,639.99
B00AAHH1QO,,359.0
B00AAL1XXW,Acer,923.99
B00AAL5P68,Asus,335.0
B00AAN6PB0,,21.88
B00AAQN4OS,,959.99
B00AAZ7HXS,,13.98
B00AAZLBJO,,609.99
B00AB8R45U,,529.99
B00ABE3JFS,,555.99
B00ABLWGB4,Toshiba,489.99
B00ABTMWCY,,329.99
B00ABVUZGW,,557.87
B00AC4P89C,,45.39
B00ACANBAE,,499.99
B00ACEEEA6,,589.95
B00ACM3FT4,,385.0
B00ACN3H2S,,489.99
B00ACNHWBK,,461.59
B00ACT719W,,519.95
B00ACVW68G,,469.99
B00AD7PLJU,,355.99
B00AD7ORYK,Dell,569.99
B00AD9NRIK,,19.9
B00ADB8GBG,,555.99
B00ADC48HQ,,436.45
B00ADPL8XU,,0.57
B00ADUHJP6,,179.0
B00AE1S8A4,,549.99
B00AE7U9YG,Dell,378.88
B00AECZEH8,,235.0
B00AEDTXTW,,548.09
B00AEFPQK0,,749.99
B00AEFVN8O,,107.58
B00AEJVI76,,284.0
B00AEUM43M,,19.8
B00AEZU2XG,HP,799.0
B00AF2EP1I,,557.87
B00AF5DGG0,,16.2
B00AF8DMBQ,,184.37
B00AFFYAHO,,649.0
B00AFHP55S,,705.8
B00AFLBYV8,,179.0
B00AFO3L4I,Dell,474.49
B00AFOCKZY,HP,454.65
B00AFRMLF0,,440.0
B00AFUKXCU,HP,599.0
B00AFYH4X2,,235.0
B00AG0BLWU,,179.0
B00AGONDQ8,,939.99
B00AH2CAA4,,419.99
B00AH4M5Q6,,319.0
B00AH4A950,Acer,408.0
B00AH66948,Gateway,340.0
B00AH7SJ1S,,748.0
B00AHBF4T4,,659.0
B00AHKFDWS,HP,519.0
B00AHOVO8Q,,869.99
B00AHZUQRU,,709.99
B00AI370UC,,13.98
B00AI4D0EQ,,899.9
B00AI86UMG,,413.05
B00AI871UG,,679.96
B00AI86EC2,Lenovo,899.71
B00AI8MSXG,,399.99
B00AI9CNOO,,413.05
B00AI9CGO6,,349.99
B00AIBGWV2,,459.99
B00AIEDWIU,,45.54
B00AIEC704,,669.99
B00AIFUDTA,,995.0
B00AII9TO2,,629.29
B00AIIN0Z6,,819.99
B00AJ1FR8U,,529.99
B00AJ2NTRA,,649.99
B00AJQT3EY,,385.0
B00AJSUTEK,,789.99
B00AKHFIR8,,659.0
B00AKHO2QQ,,19.99
B00AKHO5IQ,,599.99
B00AKIRHF8,,839.95
B00AKIZHUK,,789.99
B00ALNKQ5U,,519.95
B00AM019DU,,434.8
B00AM0FZ1W,,344.41
B00AM2B45Q,,85.75
B00AM2RW8E,,354.99
B00AM7DH7Y,,497.99
B00AM7MMBG,,698.0
B00AM7MOS2,,797.95
B00AM7MNHO,,499.0
B00AM7MM84,,549.99
B00AM7MNI8,,749.99
B00AM7MNII,Dell,665.0
B00AM7MM8E,,449.96
B00AM7MNGK,Dell,644.99
B00AM7MOSM,Dell,749.99
B00AM7MM6Q,,459.99
B00AM7MM4I,Dell,379.0
B00AML2IRA,Toshiba,769.99
B00AMLKBFQ,,497.99
B00AMUQ1SS,,494.99
B00AN7L1Y4,,729.99
B00ANG3SY6,Dell,669.99
B00ANG3T1S,Dell,749.99
B00ANHD05M,,489.99
B00ANKN1C6,,879.99
B00ANKN1FI,,599.49
B00ANKMYNS,,497.99
B00ANKMYKG,,499.99
B00ANKN04A,,538.99
B00ANKMYN8,HP,547.99
B00ANKN1BW,,799.0
B00ANKN2CK,,549.99
B00ANQ0IGW,,286.94
B00ANRDJYY,,19.9
B00ANR7Q2K,,403.0
B00ANT7DFS,,332.0
B00ANZ7OTC,,369.96
B00AO48Z6S,,969.99
B00AOS67T6,,549.99
B00AOT86FI,Toshiba,359.99
B00AOY5WQO,,417.0
B00AP66YL8,Asus,544.88
B00AP9GS34,,649.99
B00AP9GRN0,,579.99
B00APEGA78,,339.99
B00APEGA7S,,369.96
B00APEGA8W,,929.99
B00APKN5NE,,469.99
B00AQBWWVI,,969.99
B00AQMWUSC,,403.0
B00AR0OAMW,,447.29
B00ARDLUIQ,,629.99
B00ARDLYFU,,29.91
B00ARDLWDO,,679.0
B00ARDLUE0,,489.0
B00ARDLWHK,Dell,809.99
B00ARDLUI6,Dell,509.99
B00ARDLUDQ,Dell,789.99
B00ARFT9BY,,980.6
B00ARJVN32,,714.95
B00AROM1OC,,239.99
B00ARY64WM,,519.95
B00ARY730Y,,519.95
B00AS4Z5JE,,497.99
B00ASN668E,,403.0
B00ASN62KQ,,899.0
B00ASN62Q0,,519.95
B00ASQFQMI,Toshiba,399.99
B00AT6FPU0,,659.99
B00ATANUT4,,899.99
B00ATANUSK,,559.99
B00ATANUTE,,599.99
B00ATANTTK,,399.99
B00ATANVMA,,449.99
B00ATANXDM,,403.0
B00ATANTQ8,,459.99
B00ATANXCS,Lenovo,745.94
B00ATANWLK,Lenovo,577.99
B00ATANWKQ,Lenovo,630.0
B00ATANWKG,,999.99
B00ATANVLG,Lenovo,796.99
B00ATANWJM,,795.99
B00ATANXDC,,439.99
B00ATANY3Q,,459.99
B00ATANXJ6,,999.99
B00ATANUVC,,693.98
B00ATANXDW,,693.98
B00ATANTR2,,518.75
B00ATANWME,,795.99
B00ATANUVM,,899.99
B00ATFAY7U,,392.0
B00ATFC7VQ,,224.84
B00ATPVIZ2,,899.99
B00AU5SH2I,,849.5
B00AU7RM9K,Acer,499.99
B00AU8KQ5G,Asus,999.0
B00AULUV4O,,47.95
B00AV3XKQ2,HP,399.9
B00AV8RODW,,379.0
B00AVS62XK,Acer,639.9
B00AVYPL6I,,499.0
B00AVYPP7S,,977.08
B00AVYPQWW,,799.99
B00AVYPMGW,,669.99
B00AVYPMVM,,649.99
B00AVYPRSA,,529.99
B00AVYPQQ8,,337.25
B00AVYPK6E,,589.99
B00AVYPQGI,,337.25
B00AVYPOEW,,729.99
B00AVYPLWW,,399.99
B00AVYPPW8,,989.99
B00AW1SLB2,,529.99
B00AW4O276,,13.98
B00AW4NXQ2,,539.0
B00AW4O9JW,,729.99
B00AW4O2BW,,107.74
B00AW4OB5Y,,23.49
B00AW4O0N2,,124.72
B00AW4O6CC,,124.72
B00AW4OB4K,,127.71
B00AW4NXNU,,729.9
B00AW4OERO,,979.0
B00AW4NXOO,,669.0
B00AW4OB86,,23.49
B00AW4OB9K,,979.0
B00AW4O2C6,,669.0
B00AW4O0PA,,32.5
B00AW4O0M8,,107.74
B00AW4OES8,,979.0
B00AW4O4ZG,,669.0
B00AW4O9OM,,23.49
B00AW4O51Y,,669.0
B00AW4OCW6,,979.0
B00AW4O53M,,669.0
B00AW4OGB8,,979.0
B00AW4O0OQ,,16.2
B00AW4O6DG,,769.0
B00AW4NZ5Q,,32.5
B00AW4NXRG,,729.9
B00AW4OCZI,,769.99
B00AW4NXS0,,729.9
B00AW4OD6G,,979.0
B00AW4O0NC,,107.74
B00AW4O9ME,,23.49
B00AW4OETM,,990.0
B00AW4O6DQ,,13.98
B00AW4O6BI,,754.99
B00AW4O9KG,,127.71
B00AW4OEUG,,979.0
B00AW71TOC,,705.27
B00AWEZ11M,,857.0
B00AWGELXY,,419.99
B00AXI5ESW,,549.99
B00AXN4YNI,,714.95
B00AXOEW6G,,519.95
B00AXVLRD0,,544.98
B00AY1FERO,,447.29
B00AY1FE2O,,753.99
B00AY1FEZ6,,929.99
B00AY1FFAK,,929.99
B00AY1FDFM,,799.99
B00AY1FEGK,,447.29
B00AY1FFY6,Toshiba,757.0
B00AY1FCZS,,999.95
B00AY1FFHS,,424.99
B00AY1FHZS,,624.0
B00AY1FIGG,Toshiba,614.88
B00AY1FI8Y,,693.98
B00AY1FMI0,,23.49
B00AYA40UC,,497.99
B00AYA40MK,HP,448.85
B00AYT8KCC,,699.9
B00AYT8H3Y,,459.99
B00AYT8H02,,459.0
B00AYT8H7U,,299.0
B00AYUSLY8,,32.5
B00AYUSLZW,,102.44
B00AZEA6RS,,76.5
B00AZL0M34,,399.0
B00AZNJH4C,,499.99
B00AZVTBOK,,459.0
B00AZVTBRC,,459.0
B00AZVTBRW,,589.99
B00B06E6VM,,559.79
B00B07YWII,,899.0
B00B0EUST8,,999.99
B00B0KQPCG,Toshiba,369.99
B00B0RNCF2,,329.99
B00B0ROG02,,403.0
B00B0ZC520,,753.99
B00B1E5EDC,,530.84
B00B1IEILW,,729.99
B00B1TYL5Y,,729.99
B00B2066S2,Dell,489.99
B00B22NWBO,,364.98
B00B27F4I8,,589.99
B00B2AOKKS,,748.8
B00B2JTMDY,,21.65
B00B3P08IK,,609.99
B00B3PFPOC,Toshiba,939.99
B00B3PLPVO,,929.99
B00B3PLQAO,,349.99
B00B3PLPEQ,Toshiba,379.99
B00B3PLQA4,,929.99
B00B3PLQN6,,379.0
B00B43FXYA,,462.88
B00B44AMBS,,449.0
B00B4GGZQ2,,404.0
B00B4GH00C,,539.99
B00B4R5QGG,MSI,892.0
B00B514LYY,,849.99
B00B52K0YI,,749.99
B00B55X4S4,Toshiba,583.99
B00B588J72,,857.0
B00B588I2I,Samsung,890.6
B00B5IZSHG,,749.95
B00B5PR4YY,,379.96
B00B5REQW0,,899.99
B00B5W2924,,309.01
B00B67FZD8,,488.88
B00B6KAHNI,,699.99
B00B76ZRH2,,344.95
B00B771CLQ,Dell,469.0
B00B7HW5YE,HP,309.98
B00B7JE6G2,,779.92
B00B7JE6FS,,799.99
B00B7K11OG,,13.98
B00B7JO9YG,Asus,279.99
B00B7K0ZG6,,699.0
B00B7K11MI,,249.0
B00B7K11PU,,699.99
B00B7K11QE,,549.99
B00B7JRH9U,Asus,449.0
B00B7X6OYA,Asus,748.8
B00B83EWNY,,689.0
B00B83Z5U8,,499.99
B00B891NOE,,599.99
B00B8I5N4G,HP,549.0
B00B8MIWGI,,999.99
B00B8WOMKI,,649.99
B00B8XHRR2,,659.0
B00B9726OG,,849.99
B00B97QT44,,564.99
B00B97PRKQ,,649.99
B00B97Q368,,709.5
B00B9KV766,,839.95
B00B9P3T3U,,107.77
B00B9QFFJA,,49.99
B00BA18OVA,Lenovo,776.0
B00BAEOFUG,,849.88
B00BAH6NW6,,48.98
B00BAW20EQ,,545.0
B00BAZVDIC,,398.99
B00BB9OXM0,Acer,299.99
B00BB9OXK2,,179.0
B00BBIN2G4,,729.99
B00BBLLV82,,348.0
B00BBLUN9A,,519.99
B00BBM7J1E,,733.16
B00BBM3NMI,,102.46
B00BBMGZF0,,599.9
B00BBMGMKI,,48.56
B00BBRVSOI,,183.77
B00BC4QMVE,,699.0
B00BC7693W,,879.99
B00BC7DRXC,,408.79
B00BC84HEE,,449.99
B00BCHHZGW,,649.99
B00BCHHZIU,,249.0
B00BCP2V2W,,969.99
B00BCP6NLC,,489.95
B00BCPB0KQ,,969.99
B00BCR4CE0,Sony,965.99
B00BCWCC5G,,49.99
B00BD0D1FM,,549.99
B00BD6LDG0,,17.5
B00BDB17S4,,557.87
B00BDRW462,,462.88
B00BDTUBVA,Lenovo,656.99
B00BDV4XKI,,462.88
B00BE4PBOG,,45.52
B00BEU3FTI,,321.17
B00BEUNUO8,,899.0
B00BEXN824,,729.99
B00BF2L4YI,,749.99
B00BF4CWCO,,389.99
B00BFFDGPA,,799.99
B00BFFAWHK,Lenovo,718.0
B00BFFAY9Q,,709.99
B00BFFDF3I,Lenovo,799.0
B00BFFDFJM,Lenovo,609.98
B00BFFBGO8,,579.99
B00BFL2AFG,,426.98
B00BFL89M4,,649.99
B00BFX4TUS,,399.99
B00BFX4UJI,,405.0
B00BFX4TT4,,399.0
B00BG6ZPH0,HP,576.0
B00BGM81UM,,519.77
B00BGSUKP0,,729.99
B00BGTRYN0,,309.02
B00BGYMPV6,,849.99
B00BGYFGKI,,719.0
B00BH07F0K,,499.99
B00BH090DA,Sony,869.99
B00BHI2G06,Gateway,348.99
B00BI2WPG6,,599.95
B00BI2T9S8,,399.0
B00BI6WK3A,,56.79
B00BIBAV9K,Dell,439.98
B00BIPNXGE,,319.0
B00BIQYR1I,,22.49
B00BJ6UW9I,,304.99
B00BJ8C02I,HP,419.96
B00BJ8IZM2,,290.71
B00BJMXAS2,,849.88
B00BJNAFHK,,598.0
B00BJOWXMY,Acer,989.98
B00BJPHBSY,,489.95
B00BJQ86H8,,369.96
B00BJUH4GI,,529.99
B00BK96T96,,729.99
B00BKRMMUS,Asus,499.0
B00BL5RFNS,Gateway,344.95
B00BL7K2UO,,499.99
B00BLOBRO2,,439.99
B00BLW8INC,Toshiba,429.9
B00BLZGJGW,,447.29
B00BM4V99E,,849.99
B00BM7Y7DQ,,179.0
B00BMZ0174,,23.49
B00BMZXJFU,,799.0
B00BN0LHF8,Samsung,624.99
B00BN6DRTQ,,349.99
B00BNC9EDS,,539.99
B00BNHORJO,,584.88
B00BNI29DY,,346.95
B00BO0G6CQ,Asus,324.66
B00BO5RTEK,Toshiba,369.99
B00BPRH21W,,684.99
B00BPYSF70,,399.0
B00BPYSOL2,,497.99
B00BQ0RCQ8,,53.5
B00BQH8QTI,,245.0
B00BQH8RSS,,509.99
B00BQH8SDM,,179.0
B00BQH8R9M,,279.99
B00BQHGESI,,599.99
B00BQHGDIO,Acer,405.0
B00BQKW45M,,729.95
B00BQXT3U8,,560.46
B00BQXLB7Q,,788.88
B00BQXLB8K,,788.88
B00BQYMG3S,Asus,685.85
B00BR0CKZ0,,399.99
B00BRVUB3C,,183.69
B00BRYLOI0,,479.79
B00BSL84LM,,990.0
B00BTDBS5I,,869.99
B00BTINNLK,,106.43
B00BU2ZIT0,,382.0
B00BUA9N70,,86.95
B00BUSXFCQ,,725.0
B00BV85FNW,,659.99
B00BV8BVDK,,409.99
B00BVEMGQ0,,398.5
B00BVNYH2M,,425.0
B00BW7DP5W,Dell,718.0
B00BXLOQRS,,369.96
B00BXQ50PU,Toshiba,339.99
B00BXQTB6O,,949.99
B00BXZASVW,,25.0
B00BYNZRQE,,497.99
B00BZ0VV1Q,,879.0
B00BZA915O,,539.99
B00BZEDMOQ,,379.0
B00BZF2H46,,649.99
B00BZS0BDM,,379.0
B00BZSCJ9Q,,17.09
B00BZYJ4CK,,469.99
B00C0G6GWI,,53.17
B00C1FR4FG,,49.28
B00C29XMCU,,458.0
B00C2BP3C0,,649.99
B00C2EIK22,,349.53
B00C2F2AC2,,79.0
B00C30MUFI,,859.99
B00C372R4K,,529.99
B00C3M0K3U,,799.99
B00C4C9LHU,,469.0
B00C4COSKU,HP,498.88
B00C4DB28K,,509.99
B00C4YODKS,,549.0
B00C4Z25JS,Dell,649.5
B00C52QV5E,,699.98
B00C5M6UGE,,435.0
B00C5QC96K,,79.0
B00C5RQ7RG,,519.99
B00C5TU4B4,,675.97
B00C76CBNY,,17.43
B00C77W8SG,,404.0
B00C7FDIBY,,9.99
B00C7U68Y8,Toshiba,349.99
B00C8AE0GU,,303.69
B00C8UL1J4,,799.0
B00C92I2TS,Dell,599.99
B00C94VNUG,,632.0
B00C9F5E5K,,307.99
B00C9K7ZA2,,969.0
B00CBK1KZG,,824.99
B00CBKEC74,,586.9
B00CBKFLB0,,979.99
B00CBOWTPC,Dell,999.0
B00CC2N9UC,,888.88
B00CCQ2F6W,Toshiba,485.0
B00CCSF6OI,Acer,629.5
B00CCWR2S2,,714.99
B00CCXICAS,,349.99
B00CD7W74U,,316.0
B00CDNMTDS,Dell,479.98
B00CDTVBJK,HP,474.95
B00CDU5JQK,,695.99
B00CDWT7BG,,489.0
B00CEHHTSS,Inspiron,889.99
B00CEI9M0U,,999.99
B00CF35DXO,,399.99
B00CF7KBGO,,735.85
B00CFFADJQ,,13.98
B00CFGVBHI,,990.0
B00CFGVJDO,,14.99
B00CFGVGNM,,691.49
B00CFGVBAK,,639.0
B00CFGVEEI,,669.0
B00CFGVEO8,,639.0
B00CFGVMAO,,669.0
B00CFGVMFE,,124.4
B00CFGV7SQ,Sony,999.0
B00CFGVPGU,,499.99
B00CFGVM2C,,495.0
B00CFGVEFM,,669.0
B00CFGVBBY,,124.4
B00CFGVJK2,,8.95
B00CFGVEJS,,669.0
B00CFGVJFM,,649.99
B00CFGVB6Y,,124.4
B00CFGVGOQ,,16.2
B00CFGVM22,,7.99
B00CFGVEC0,,669.0
B00CGBO1I8,,40.5
B00CHF4PXE,,449.9
B00CHEYMP6,Acer,539.0
B00CHGNCZ0,,729.99
B00CHQ5LTK,,447.29
B00CHQXYGM,,379.0
B00CHSFDI2,,447.29
B00CI6J910,,307.99
B00CIBWV8I,,489.0
B00CIDIOFA,,714.99
B00CIDZE2G,,886.5
B00CIDIOO6,HP,719.96
B00CIDIO6Y,,714.99
B00CIDIN8I,,959.0
B00CJEOS8A,,179.0
B00CJKIR1S,,599.99
B00CKLQTZC,Toshiba,729.0
B00CL2IKH0,Dell,449.89
B00CL8FW4S,,34.31
B00CLZWK64,,519.95
B00CLZWKOG,,599.99
B00CLZWK00,Acer,945.88
B00CM1AANW,Acer,394.0
B00CM1AAOG,Acer,332.09
B00CM1AAPA,Acer,332.09
B00CM1AAP0,,418.99
B00CM3V2G4,,709.99
B00CMC9DCU,,649.99
B00CMXDG54,,549.9
B00CMXDI5W,,649.96
B00CMXDGRW,Samsung,404.99
B00CMXDH8U,,549.9
B00CMYB0K6,,909.99
B00CN35ST0,,797.95
B00CN4XF1C,HP,410.99
B00CN5EMKE,,19.59
B00CNEA7JK,,439.99
B00CNUIYAS,,589.97
B00COJGLNA,,679.96
B00COQIX9I,,749.99
B00COQIWVW,,689.0
B00COQGJ08,,754.01
B00COQGIPY,Asus,727.0
B00COQK8QY,,329.99
B00COQIWCG,,488.0
B00COQGHXM,Asus,491.0
B00COQISZW,,399.99
B00COQXXPC,,649.99
B00COR29XI,,249.0
B00CORMAKK,,559.99
B00COZRNX6,,296.21
B00CPC0XSU,,10.1
B00CPG792O,,439.99
B00CPIF4G0,Asus,267.45
B00CPZL9C6,Gateway,369.99
B00CPZL9GC,,369.99
B00CQ3NZX8,,411.01
B00CQ3O33O,Acer,259.99
B00CQ4V3XQ,,679.96
B00CQ5WWFS,Lenovo,714.0
B00CQ7KZB4,,328.88
B00CQL6VXQ,,789.95
B00CQPBM6I,,514.95
B00CQQVE1U,,358.0
B00CQRYEAW,,789.0
B00CQUGAPG,Dell,599.49
B00CQVQCDK,,174.0
B00CR0J69C,,519.99
B00CR0J5W0,,18.47
B00CR4L9DE,,179.0
B00CR4KK8O,,179.0
B00CRD73LM,Dell,469.0
B00CRGJIBW,Dell,489.0
B00CRGJKT2,Dell,450.4
B00CRGJDD0,Dell,658.0
B00CRGJENO,Dell,551.34
B00CRGJENE,Dell,614.0
B00CRGJIBC,,419.99
B00CRGJJJS,Dell,619.83
B00CRGJEO8,,569.99
B00CRGJIA8,Dell,774.99
B00CRGJJHU,Dell,589.0
B00CRGJG00,Dell,439.0
B00CRGJJIE,Dell,859.99
B00CRGJFPG,Dell,719.95
B00CRGJFRO,Dell,579.0
B00CRGJJUW,Dell,576.53
B00CRGJIFS,Dell,599.99
B00CRGJEOS,Dell,430.0
B00CRGJJIO,Dell,424.98
B00CRGJFT2,Dell,769.0
B00CRHM5SE,,824.99
B00CRJQG4G,Lenovo,788.0
B00CRT6DJO,,999.99
B00CRXZUCQ,,449.99
B00CRY0124,,599.9
B00CRY012Y,,9.99
B00CRXZVGG,Lenovo,427.0
B00CRY02NC,,414.99
B00CRXZVG6,,399.99
B00CRXZVGQ,,519.99
B00CRXZVC0,Lenovo,479.9
B00CRXZSXM,Lenovo,579.3
B00CRXZSTG,Lenovo,575.75
B00CRXZUCG,Lenovo,590.98
B00CRXZVEI,Lenovo,336.49
B00CRXZU94,Lenovo,582.5
B00CRXZUG2,Lenovo,548.88
B00CRXZRME,,732.29
B00CRY010Q,Acer,430.99
B00CSCR4HU,,399.96
B00CSJIQCU,Lenovo,405.0
B00CSMO9AA,Lenovo,570.37
B00CTLFNSM,,549.9
B00CTS469W,,789.99
B00CTWXWQQ,Asus,349.99
B00CU2K35I,Acer,544.99
B00CU2KGJQ,,717.43
B00CU2K7VI,Acer,544.99
B00CU2K4LQ,,339.99
B00CU2K5IS,Acer,316.99
B00CU2K6MS,Acer,337.25
B00CU2JTOY,,529.99
B00CVDH1EM,,399.96
B00CVTK8RI,,509.99
B00CVVG794,Lenovo,388.88
B00CVXJ6XG,,249.0
B00CVWYOI4,,411.01
B00CW7MKSY,Lenovo,745.0
B00CWIT34C,,399.0
B00CWISC5I,Asus,425.0
B00CWIT270,,750.0
B00CWIVQ06,,689.0
B00CWNXKG4,,17.9
B00CWX68L8,,499.99
B00CWXMAMO,,979.99
B00CXFH4G8,,838.99
B00CXFH878,,574.98
B00CXFJPJC,HP,359.99
B00CXFGYRI,,795.24
B00CXFHA94,,827.53
B00CXFGT64,,649.99
B00CXFHB2U,HP,880.0
B00CXFHDI2,HP,388.0
B00CXFGV62,HP,543.27
B00CXFH6GG,,919.0
B00CXKSQOW,,369.96
B00CXKSPA2,Acer,633.59
B00CXKSQNS,,699.9
B00CXKSPBG,,639.99
B00CXVMMIC,,679.96
B00CYX6CEY,Acer,243.82
B00CZGJ986,,497.99
B00D0INMFY,,449.99
B00D0SSPOC,,119.94
B00D0T2YI4,,548.09
B00D0TESQU,,179.0
B00D0TFM38,,159.94
B00D0T0KV2,,119.94
B00D0TBNRW,,159.94
B00D1HXI0I,,979.99
B00D23K2Q4,,77.63
B00D36QCD2,,54.29
B00D3CTGRA,,144.99
B00D3F7G4C,,749.0
B00D3F7FSE,,469.0
B00D3F7GYM,,549.99
B00D3F7GXI,,499.99
B00D3F7GZ6,,549.99
B00D3F7FQQ,,754.99
B00D3F7FU2,,829.99
B00D3F7GXS,Toshiba,430.0
B00D3F7E76,Toshiba,563.95
B00D3F7H0K,Toshiba,319.99
B00D3F7FRU,Toshiba,754.99
B00D3F9HSU,,533.81
B00D3JXAV6,,724.99
B00D3YEO5C,,849.99
B00D4AX4BK,,399.0
B00D4AX0Q4,Acer,989.99
B00D4B2V90,Lenovo,619.98
B00D4VHZD2,,574.98
B00D5GTH3C,,330.0
B00D5TPT4A,,589.99
B00D5XUJSW,,479.99
B00D6029F0,,411.01
B00D63OYLE,,689.99
B00D6HBTY0,,928.99
B00D6HF4LE,Dell,679.0
B00D6WF80G,Acer,289.99
B00D72ONX8,,519.99
B00D735Q1U,HP,391.99
B00D74HEEG,Lenovo,965.99
B00D78PZE8,Toshiba,432.63
B00D7ED63O,,349.0
B00D7GGIQE,,447.29
B00D7SCRVC,,839.99
B00D7YSOAE,HP,869.0
B00D7Z84OY,HP,695.95
B00D7Z3V24,HP,887.95
B00D8BQIK4,Asus,538.49
B00D8GNZC8,HP,379.95
B00D9KP62U,Dell,339.0
B00D9KP6VQ,,429.0
B00D9KP70G,Dell,429.99
B00D9KP760,Dell,489.87
B00DA2TMY0,,419.8
B00DB7A9C8,,447.29
B00DBSW3BC,,799.99
B00DBSW15U,Asus,334.99
B00DBT9AAS,,698.0
B00DDFEX9S,,799.99
B00DDFEXWA,,599.99
B00DDFF1G2,,858.48
B00DDFESKC,Acer,447.94
B00DDFEYEW,,399.99
B00DEJWTQ2,HP,526.45
B00DEJWTTO,HP,618.88
B00DEMI1IE,,557.87
B00DERLLB8,,729.19
B00DF9QHZU,Acer,353.94
B00DFB5PRY,,849.95
B00DFEU3PA,Asus,539.99
B00DFNDZRY,,369.99
B00DG65R7Q,Asus,449.0
B00DH2RYT8,Dell,487.8
B00DHBDY8Y,Asus,322.99
B00DHE6LSQ,,425.0
B00DI4PBMC,,399.96
B00DIFH4UI,Dell,889.99
B00DIILU3C,,119.94
B00DIVP9C2,,119.94
B00DJ654LM,HP,350.0
B00DJAQQUG,,235.0
B00DK7P942,,519.89
B00DKFEMCE,,12.99
B00DKFEQH0,Toshiba,511.0
B00DKFFFXO,,779.92
B00DKFELVQ,,899.99
B00DKFFLMY,,599.99
B00DKFFLH4,,754.24
B00DKFFFYI,,459.0
B00DKFFG06,Acer,849.99
B00DKVZI0I,Toshiba,519.0
B00DM4UPRE,,565.0
B00DM49FN4,,754.99
B00DMMQ7M8,,465.0
B00DMMNX0W,Toshiba,376.99
B00DMMQHQY,,999.99
B00DMMPQ3O,Toshiba,525.99
B00DMMNJ9M,,949.99
B00DNGRL82,Acer,216.95
B00DNR3HP2,Acer,828.0
B00DPCFRHQ,,399.96
B00DPCL9IW,,419.95
B00DPLK4YS,Dell,834.99
B00DPL76XK,,999.99
B00DPLUFLA,Toshiba,839.8
B00DPM50VO,,23.49
B00DPOUCBA,,235.0
B00DPPOI5U,Toshiba,447.99
B00DQ2DXF8,,466.85
B00DQDC1Y6,,23.49
B00DQGBABI,,666.99
B00DQGYHYK,Toshiba,454.5
B00DR0X886,,7.03
B00DRCDL18,,754.99
B00DRG9PG4,Acer,839.99
B00DSPPJVY,,858.88
B00DT57S9Y,,12.92
B00DTEHU7U,,544.0
B00DTNUFA0,Toshiba,359.0
B00DTTGN8M,Toshiba,519.95
B00DTWN9U4,,774.7
B00DU0XQJE,,899.0
B00DUFXT64,,779.99
B00DVFMBJO,,549.9
B00DVFMDUQ,Samsung,636.99
B00DVFMBF8,,599.0
B00DVFMDOC,,549.9
B00DVIHT16,,719.0
B00DVMFVKS,,999.0
B00DVY261I,,804.0
B00DVZBJA6,Lenovo,789.99
B00DWBUSCO,,119.94
B00DWG7W1E,,637.46
B00DWGT71M,,849.9
B00DX6OXS8,,709.99
B00DXFDYMK,,636.99
B00DXFF6EO,Asus,799.99
B00DXPJTEC,Toshiba,720.0
B00DXWFF3E,Toshiba,389.99
B00DY1SWWU,,182.24
B00DY7WPF4,,599.99
B00DYH88N2,,737.0
B00DZCN296,,699.99
B00DZIY88E,Lenovo,449.88
B00DZYE6HQ,,577.95
B00DZYOV6C,,379.0
B00DZYDXP2,HP,499.89
B00DZYFAKI,HP,741.85
B00E0NRDDK,,462.88
B00E1JAF4M,Dell,748.96
B00E1W4NUG,,649.99
B00E202QKG,,784.99
B00E263USW,,929.99
B00E25Y1PE,,249.0
B00E35NA0A,,389.95
B00E3IEYAM,,406.99
B00E3KQWIC,HP,361.98
B00E3P12F0,,17.5
B00E3XBFQS,HP,419.99
B00E4UY7LA,,769.99
B00E4V31HU,Toshiba,339.99
B00E4YKR1U,HP,879.99
B00E5R6RE2,,544.0
B00E5WZHPM,,185.68
B00E6J2SN8,,422.98
B00E6SR2I0,,732.29
B00E6W0CE2,,469.99
B00E7W2S66,Lenovo,619.95
B00E84H5DO,,358.99
B00E8631G2,,422.98
B00E86CUYQ,,473.0
B00E873UTE,,289.99
B00E89HO8A,,849.95
B00E9AALBK,,696.87
B00E9FQIC6,Asus,769.98
B00EA11SJM,,459.99
B00EAR2RRS,Asus,429.0
B00EBFJHN6,,729.99
B00EBHMO0M,Lenovo,619.0
B00ECCOPSU,Lenovo,418.95
B00ED3SEA8,HP,688.0
B00ED3SF3E,HP,935.0
B00EE1HUHM,Acer,639.0
B00EEFTVWA,,349.99
B00EELXJ7W,Gateway,577.08
B00EELXK1W,Gateway,525.99
B00EFH4XFM,,319.95
B00EH1DVOA,HP,354.38
B00EH8ZH86,,246.09
B00EHV4T32,,724.99
B00EHVNF3M,Samsung,654.0
B00EINI5NE,Toshiba,866.0
B00EJQWNHY,Gateway,339.0
B00EKOYBMA,,687.0
B00EKS33FC,,179.0
B00EKVXDWM,,519.95
B00EKVXC0U,,554.99
B00EKVX49Y,HP,729.99
B00EKVX994,HP,499.0
B00EKVWZHG,,739.95
B00EKVXAAC,HP,554.8
B00EKVX72I,HP,559.0
B00EKVX1SS,HP,738.0
B00EKVX5MK,HP,509.9
B00ELQ9X8O,,869.99
B00ELQJ87K,Acer,488.0
B00EM3WGYY,,12.9
B00EN0DHXU,Asus,442.99
B00ENQIOFK,Lenovo,429.95
B00ENX4E0W,,465.0
B00EOG013W,Asus,435.35
B00EP09B4M,,563.0
B00EP0TDJ0,Toshiba,498.47
B00EPRQ6JS,,349.0
B00EQU1H2U,,319.0
B00ER2IPWW,,466.16
B00ERAIGI2,Samsung,461.0
B00ERXIW8S,,519.99
B00ES9IYDY,,559.0
B00ES8QJTG,Dell,419.0
B00ESUIU7I,HP,984.95
B00ESV9N0U,HP,899.95
B00EUOBUO2,,465.0
B00EUTL498,,959.0
B00EUTLFG0,Lenovo,939.99
B00EV4SZYE,,388.0
B00EV54BB4,,384.99
B00EWHJWLU,,13.98
B00EWSDC9W,,989.99
B00EXBLIDK,,417.09
B00EXGNJTQ,Asus,314.98
B00EXRMP8Q,,998.0
B00EY50GM4,,699.9
B00EY50MVO,,743.89
B00EY50MKK,,599.99
B00EY50IQ8,Gateway,449.0
B00EY50IV8,Gateway,399.9
B00EY50N3Q,,639.99
B00EY50ISG,Gateway,285.0
B00EY50IL8,,669.99
B00EYGEA2K,,629.0
B00EYLTKNE,,119.94
B00EYM9FJW,,119.94
B00EYMLQ1C,,119.94
B00EYMMYEU,,119.94
B00EYTI0TG,Acer,214.99
B00EYTDNCU,,454.99
B00EZ5TI8G,,549.0
B00EZBP6YK,Acer,899.99
B00EZUZFSS,,497.36
B00F0H8AU0,,589.99
B00F0JBJDS,Asus,669.99
B00F0R7HHM,Asus,329.99
B00F0RD7IU,,405.0
B00F0R9TFA,Lenovo,447.88
B00F0RD86G,,466.85
B00F0RC024,Lenovo,618.0
B00F0RBXCW,Lenovo,479.9
B00F0RCLNC,,789.5
B00F0RBYTO,Lenovo,474.99
B00F0RCCSQ,,405.67
B00F0RC34E,Lenovo,949.0
B00F0RD1LS,,422.77
B00F0RDZ9Q,Asus,459.99
B00F0RDY2O,Asus,299.99
B00F0RCDNU,Acer,641.43
B00F0RD2H6,Asus,667.99
B00F0RD9QA,Asus,476.61
B00F0RE018,Asus,689.0
B00F0RFXD2,Asus,379.0
B00F0RCXQ2,HP,469.0
B00F0RC48E,Lenovo,613.99
B00F0RC6C8,Lenovo,729.99
B00F0SROIS,,892.0
B00F0WZUHQ,,529.99
B00F1JV9X2,HP,749.99
B00F1K67WE,Toshiba,999.95
B00F32Z7QM,Lenovo,699.99
B00F32ZB68,Lenovo,389.98
B00F32ZANC,Lenovo,388.0
B00F3EUWBK,Asus,369.99
B00F3TZCEC,Asus,507.95
B00F3ZNR0M,Dell,739.0
B00F3ZNWK2,,564.99
B00F3ZNUDG,Dell,565.0
B00F3ZNTX2,Dell,619.57
B00F3ZNQXU,Dell,668.0
B00F3ZNZMC,Dell,589.99
B00F3ZNTVO,Dell,757.0
B00F3ZNR1Q,Dell,684.99
B00F3ZNZBI,Dell,699.99
B00F3ZNWNY,Dell,777.99
B00F3ZNZ8G,Dell,809.0
B00F3ZNTWS,Dell,739.99
B00F3ZO3XC,Dell,567.99
B00F3ZO72Y,Dell,438.99
B00F3ZNWXO,Dell,999.99
B00F3ZO422,Dell,549.0
B00F4MEI4S,Dell,624.99
B00F4MEILQ,Dell,434.19
B00F4MEK6E,Dell,352.28
B00F4MEMRQ,HP,409.99
B00F4MEJP6,Dell,459.99
B00F4MELE0,Dell,329.99
B00F4MEKTQ,Dell,429.99
B00F4MEHK8,Dell,489.0
B00F5RA8M8,,665.79
B00F5RA102,Samsung,849.99
B00F5RA0HG,,665.79
B00F5UEECA,HP,444.87
B00F5VZ6BW,,899.0
B00F5VZ62G,Lenovo,418.95
B00F5ZAMY4,Lenovo,449.95
B00F61DLAO,,599.99
B00F68N1NY,,449.0
B00F72P46G,,449.99
B00F7TA03Q,Toshiba,449.95
B00F7TQ3Z0,HP,469.99
B00F8AFTPS,,669.0
B00F8AFT12,,699.9
B00F8AFV88,,347.77
B00F8AFVCY,,339.99
B00F8AFPRK,,799.99
B00F8MK29O,Dell,119.99
B00F8XQQIY,,696.88
B00F9FK2NQ,,419.99
B00F9VPF8M,,999.95
B00F9VPJLA,,449.99
B00F9VPFE6,Acer,469.9
B00F9VPH3U,Toshiba,600.0
B00F9VPFG4,,769.0
B00F9VPHB2,,829.99
B00F9VPHGC,,404.0
B00F9VPDIY,,533.81
B00F9VPIYI,,549.99
B00F9VPIXO,Toshiba,549.99
B00F9VXQ1A,,977.08
B00F9VPH5S,,769.0
B00F9VPHEE,Toshiba,748.8
B00F9VPJ2O,Toshiba,296.0
B00F9VXQDI,,869.99
B00FAUGGPS,Asus,244.99
B00FAUGFTA,Asus,269.99
B00FAUGG9E,Asus,306.99
B00FAZN21E,Dell,432.18
B00FB2XMNO,,705.27
B00FB45YI8,,9.99
B00FB45WTE,,9.99
B00FB45WGC,,9.99
B00FB4PMWG,,9.99
B00FBONPT8,,229.0
B00FBWKXKO,,590.0
B00FC0YHQ6,,519.95
B00FC2CHS4,,699.99
B00FCA2FNS,HP,879.99
B00FCK20SI,HP,283.3
B00FCKAW1U,Acer,563.24
B00FDTHAVA,,699.99
B00FDTJF04,,999.99
B00FDXVCMY,,229.0
B00FE21L4S,HP,388.0
B00FE29H0S,Lenovo,999.0
B00FE2I7JA,,498.0
B00FE663ZQ,HP,769.0
B00FE66R8E,HP,873.0
B00FE61DPQ,HP,568.4
B00FE61H4S,HP,683.0
B00FED8C12,Lenovo,619.78
B00FEE7D1Q,Dell,315.65
B00FEE7CY4,Dell,619.99
B00FEE7BBS,Dell,879.0
B00FEE78LQ,Dell,917.55
B00FEJ07V4,,449.0
B00FFBMG60,Dell,725.37
B00FFE5JSE,,436.0
B00FGFLTVS,,884.99
B00FGOTA6K,HP,321.01
B00FGOTA9M,HP,303.99
B00FGOTC0Y,HP,294.99
B00FGOTBQO,HP,359.99
B00FGU7FMU,,25.0
B00FGYC9LI,,858.48
B00FH5PBKW,Toshiba,399.99
B00FHQSYUU,,999.0
B00FI1FUKG,IdeaPad,794.99
B00FJ7DHAE,,399.99
B00FJE0YLM,,599.99
B00FJE0VLK,,949.99
B00FJT9M92,,329.0
B00FJXVRM8,HP,242.0
B00FK0BOUU,Lenovo,563.7
B00FK0BOSW,Lenovo,553.49
B00FK0BOUK,Lenovo,501.65
B00FK48KVC,,296.21
B00FKDQ1EG,,418.99
B00FL1HGBY,,969.99
B00FL455HI,,529.98
B00FL9ECK4,HP,378.96
B00FLPQTD6,,299.0
B00FLZ4HNU,HP,689.0
B00FMCBK6O,,858.48
B00FMWAWSQ,,539.99
B00FN7IPAW,,899.0
B00FN8EPGY,HP,547.88
B00FN9OSOM,,185.66
B00FNPD1WG,,549.99
B00FNPD1VW,Acer,209.8
B00FNPD1OY,Acer,359.99
B00FNTBNEK,,467.99
B00FNW2SWI,,429.99
B00FNXDIO4,,318.94
B00FO6IH0A,Dell,911.0
B00FO9QEJI,,563.0
B00FOBYP7E,HP,499.77
B00FORG69I,,499.99
B00FOXJ9NM,,544.25
B00FP67PZW,HP,559.99
B00FPZA7TE,,667.99
B00FQT5OTC,HP,481.49
B00FR73KGW,Lenovo,949.0
B00FRMZ36M,Dell,568.0
B00FRSXJKI,,139.99
B00FS4UNG4,Acer,579.89
B00FS9HVC8,Acer,589.9
B00FSB7PDG,Asus,353.76
B00FSVK0IS,Acer,454.11
B00FSVGV2W,Acer,589.04
B00FT0NJWW,Asus,397.99
B00FU83YWS,Lenovo,403.0
B00FUI3NLK,,440.0
B00FVRCVKO,HP,748.88
B00FWFYF4K,,499.66
B00FXAB0BK,"",699.99
B00FXE9DI8,,435.0
B00FXGBG4K,Toshiba,545.53
B00FXGH77U,,999.99
B00FXKIJ50,Acer,517.36
B00FXM89EY,,270.0
B00FXOU24C,HP,559.99
B00FYJ8FUO,,869.99
B00FZ5X5FW,,734.9
B00FZAB2DE,Asus,618.96
B00FZHCSXA,,499.99
B00FZHCW54,,399.96
B00FZJF7S6,Dell,919.8
B00G003CKY,,383.5
B00G00F4GO,,849.99
B00G042224,,399.96
B00G0Y8WL4,,696.88
B00G116BHS,HP,469.99
B00G1NC0Y4,Toshiba,299.0
B00G1S26O8,,385.0
B00G1S6428,Toshiba,329.98
B00G1SV1VM,HP,509.9
B00G1YKHES,Toshiba,367.95
B00G2DK43C,,549.0
B00G2J0XUA,Toshiba,385.9
B00G31W5ZS,,599.99
B00G3M95AA,,544.25
B00G4QZYC8,,449.0
B00G4TF1O6,HP,416.4
B00G5050CW,,7.99
B00G5K91JU,,569.0
B00G5K8IVM,,899.0
B00G5QYTIM,,999.99
B00G5YG518,Envy,737.0
B00G6N6JT6,,469.99
B00G8FH40K,,634.51
B00G8FFETS,,999.99
B00G9ROG5S,,679.5
B00GAC6TDE,Acer,483.74
B00GAOFC1C,Toshiba,289.99
B00GAQULZC,Gateway,478.99
B00GB9NUXI,Acer,387.0
B00GBN7NVE,,447.29
B00GCA2EAQ,,956.93
B00GDKK5U6,,179.0
B00GDLF6P4,,869.99
B00GEBXVRI,,589.99
B00GEBLP3A,HP,784.63
B00GEBXUZG,Dell,479.99
B00GEBZ8EC,HP,539.99
B00GEBX9TI,Dell,409.88
B00GEBUQ80,Acer,389.99
B00GFF4UFK,HP,359.99
B00GFLWPLA,,649.99
B00GG5TPMM,,399.96
B00GG5TRAW,,469.99
B00GGFP29W,,499.99
B00GGFP2DI,,799.99
B00GGFP2DS,,789.95
B00GGGIWTI,,649.99
B00GGU6WX2,,399.99
B00GGT4GBI,,179.0
B00GGX850W,,563.0
B00GH3LA7Q,,20.99
B00GH6TZHU,HP,599.0
B00GHDM5SY,,417.0
B00GI2911I,,105.51
B00GIVX0FM,,139.99
B00GIWH03Y,,349.53
B00GIX3N70,,399.99
B00GJ1CFZ2,Asus,361.99
B00GJ3Z9SA,,399.99
B00GJ3YUKS,Acer,717.23
B00GJ3ZGB0,Acer,780.51
B00GJ408PS,,459.95
B00GJ5211G,,549.99
B00GJUOA2Y,,9.25
B00GJZLRU2,,398.18
B00GK3SPZS,,447.29
B00GK6HJC0,HP,649.99
B00GK6GIM2,Acer,692.0
B00GK6GW46,Dell,861.18
B00GK6GHNM,Acer,617.99
B00GLFHL6E,Toshiba,424.95
B00GM42VSC,,809.99
B00GMB4PF2,MSI,369.23
B00GMCFNM0,Satellite,389.98
B00GMWK71M,Inspiron,429.99
B00GNA5LK0,Dell,589.0
B00GNWLY1I,,349.53
B00GOBLH38,Lenovo,399.99
B00GOGCKDE,,679.96
B00GPJ4VR8,Toshiba,549.87
B00GPVRZCO,,470.98
B00GQ80S9I,,799.99
B00GQSO1MS,Lenovo,769.0
B00GQVWZRS,,411.01
B00GS3FMDI,HP,589.9
B00GSEOV7U,Acer,368.19
B00GSPUP6K,HP,539.75
B00GSPTDM2,Toshiba,449.98
B00GU153XM,,968.88
B00GUX23Z6,Gateway,426.95
B00GUX2IWO,HP,686.99
B00GUXAM9U,HP,688.88
B00GUXA9W0,Dell,679.39
B00GV1ZL9C,Acer,358.6
B00GVHOQM4,,705.8
B00GW2YMF4,,549.99
B00GW8BQSE,,13.98
B00GWOP0GW,Lenovo,513.99
B00GWP1JQ6,,369.45
B00GWR2152,HP,765.88
B00GWVNK8A,Asus,285.0
B00GXHSREU,Dell,329.9
B00GXW0NPG,HP,579.99
B00GYM8WYO,HP,499.95
B00GYT6COO,Dell,897.99
B00GZ1WXAI,Dell,278.0
B00GZ88A1C,,422.77
B00GZAJ2NK,HP,383.5
B00GZB88MU,Acer,275.72
B00GZB8D0M,Acer,263.54
B00GZBPI64,Gateway,380.27
B00GZBPHNS,Acer,681.0
B00GZCH1T0,,399.99
B00GZDXDVE,,849.9
B00GZI0C5O,,679.96
B00GZKB2JC,HP,544.98
B00GZK3XF8,HP,489.0
B00GZR666Y,,519.99
B00GZUKNJM,Toshiba,418.97
B00GZZCTNA,HP,709.0
B00H07E33Q,HP,325.0
B00H07HJUU,HP,384.99
B00H0BB57E,,328.88
B00H0BQJY8,,499.99
B00H0BQKSI,HP,839.95
B00H0BQO7K,,999.99
B00H0JPSMY,Toshiba,439.0
B00H0QD9S2,Dell,362.88
B00H1K320W,HP,379.97
B00H21QKSQ,Satellite,332.99
B00H22QY2C,Toshiba,439.99
B00H261EL4,Satellite,588.0
B00H2AM09K,,365.55
B00H2FTXIG,Lenovo,929.99
B00H2MGH7Y,Toshiba,758.0
B00H2SZ468,,563.0
B00H2TDNLK,HP,341.99
B00H2V1UXG,,447.29
B00H2VZJ38,,738.0
B00H31YJH4,Toshiba,325.99
B00H34FIYO,HP,504.95
B00H34863Y,,305.99
B00H3A0MJE,HP,624.95
B00H3R8JD8,Acer,399.99
B00H4EV1XU,Gateway,269.99
B00H4INH1K,,332.0
B00H5A96UI,,529.99
B00H5CHIDS,,755.0
B00H5EO3IO,,699.95
B00H5ZZPRG,,409.97
B00H79LSDU,HP,529.98
B00H79LSCG,HP,529.98
B00H79LSB2,HP,529.98
B00H7O3TVE,HP,596.24
B00H7O4SF0,Dell,569.99
B00H7O3H2U,HP,350.84
B00H7O41IY,HP,648.24
B00H7O3VI0,HP,888.88
B00H7O3TBO,,106.75
B00H7O3SFQ,,999.0
B00H7O3ULI,HP,529.99
B00H7O4RAG,Dell,579.99
B00H7O3O1O,HP,549.99
B00H7O4KUI,Dell,586.39
B00H7O4F4E,,499.99
B00H7PWRSY,Toshiba,799.99
B00H7PWRU2,,789.95
B00H7WF55Y,,418.99
B00H7WF2AC,Acer,718.74
B00H7WF21G,Acer,849.99
B00H7WF2D4,Acer,299.9
B00H7WF6KI,,379.0
B00H8XJ5EO,HP,869.99
B00H8Y62VC,,32.37
B00H9KQA2G,HP,978.99
B00H9ORVRK,,699.95
B00HA2I4B8,Dell,694.99
B00HA6R1EK,Samsung,679.4
B00HA6R15Y,Samsung,614.99
B00HAMZVD2,Inspiron,899.99
B00HBC618A,,949.0
B00HBTH80I,,409.99
B00HC07S24,,14.99
B00HC07JBO,,25.99
B00HC07DCE,HP,724.0
B00HC07CX4,HP,694.17
B00HC069II,HP,505.99
B00HC06A1Y,HP,599.9
B00HC0691U,HP,640.81
B00HC067MQ,HP,399.0
B00HC068H0,HP,545.39
B00HC3498M,,599.99
B00HC349I2,,599.99
B00HC349FA,,459.0
B00HC3YW8E,HP,949.99
B00HC3YUPO,HP,530.99
B00HCCX4GQ,HP,826.76
B00HCB919Q,HP,794.16
B00HCDB2WS,,87.82
B00HCDUQ48,,68.98
B00HD8ZCCI,,749.0
B00HDFZ168,,799.8
B00HE5SKTM,,289.99
B00HEAAZ7M,HP,743.27
B00HEAAZL8,HP,884.99
B00HED03NK,,510.0
B00HEEN66A,Dell,909.99
B00HEEB5PE,Acer,429.99
B00HEEB5Y0,Acer,455.09
B00HESWW8O,,459.99
B00HETAZBY,Asus,414.99
B00HETFBEK,,499.99
B00HETCIU0,Dell,694.99
B00HEYVAV8,Lenovo,699.0
B00HEYVANG,,429.99
B00HEYVAN6,,399.99
B00HF2LY9M,,510.0
B00HF2LXQ6,,510.0
B00HG1FOTI,HP,247.37
B00HG6W6AS,,699.95
B00HG6W5OU,,669.0
B00HG6W4VY,,799.99
B00HG6W6A8,,691.49
B00HGGET5I,HP,334.1
B00HGIIZQA,Satellite,486.88
B00HGLGT9W,HP,697.0
B00HGNRFZM,,699.97
B00HGVAG7I,,499.77
B00HGUG5GK,"Pavilion Touchsmart",477.99
B00HGZ3SBU,Toshiba,479.0
B00HHKZ7SQ,,299.0
B00HIYA4F2,Lenovo,519.99
B00HIY9KWU,Lenovo,579.99
B00HIYAA7O,Lenovo,429.9
B00HIY9I6S,Lenovo,831.12
B00HIYA3WQ,Lenovo,449.99
B00HIY9KSY,Lenovo,395.0
B00HIY9KY8,,719.99
B00HIY9I7C,Lenovo,300.0
B00HIYA3R6,Lenovo,479.9
B00HIYA6LO,Lenovo,739.99
B00HIYA72M,Lenovo,599.99
B00HIY9HUK,Lenovo,427.25
B00HIYA9ZM,Lenovo,510.49
B00HIY8V66,,799.99
B00HIYA3SK,Lenovo,435.99
B00HIY96WO,Lenovo,976.0
B00HIY9I4K,Lenovo,539.99
B00HIY8VMK,Lenovo,679.0
B00HIY9W6O,Lenovo,374.49
B00HIYA6PU,Lenovo,693.21
B00HIY8V0W,Lenovo,884.9
B00HIY9HQ4,Lenovo,530.39
B00HJ7DZNQ,,179.0
B00HJB9Z1I,,553.91
B00HJB9UWC,,486.72
B00HJBA5ZS,,649.1
B00HJBA1OI,,573.42
B00HJCJ328,,825.78
B00HJSDU3U,Asus,759.99
B00HJX1ZKK,Lenovo,693.97
B00HJYS3C2,,439.99
B00HK0VQEM,,822.92
B00HK2A2QI,,10.99
B00HKF0R56,,392.98
B00HKF1I6S,,451.34
B00HKU68RW,Acer,335.83
B00HL120ZO,Lenovo,698.99
B00HLOKKU8,HP,709.95
B00HLTTZ8G,Asus,909.0
B00HMOQUT2,,738.0
B00HNWLYSK,Asus,447.77
B00HNWX43S,,579.99
B00HNYSLN4,Sony,998.99
B00HO5KN8S,Dell,559.99
B00HO5JE3I,Asus,749.99
B00HO9P046,Lenovo,636.3
B00HQ4WOY8,Asus,390.88
B00HQAUY4E,Gateway,328.88
B00HQZGZ38,Asus,289.49
B00HR1OX8U,,849.95
B00HR1OX4E,ProBook,565.49
B00HR1OX6W,ProBook,565.49
B00HRLSQU6,,709.5
B00HRLSQY2,Dell,529.99
B00HRLSS3Q,Dell,534.98
B00HRLSTU8,Dell,749.0
B00HRLSSDQ,Dell,419.0
B00HRLSSKO,Dell,347.77
B00HRLSVWE,Dell,624.99
B00HRLSUXY,Dell,599.0
B00HRLSSF4,Dell,273.0
B00HRLSQTC,Dell,666.0
B00HRLSQYM,Dell,462.0
B00HRLSS4U,Dell,399.0
B00HRO327A,Dell,989.0
B00HRO32J8,Dell,669.99
B00HRO32N4,Dell,539.95
B00HRO38KQ,Dell,608.97
B00HRO31NU,Dell,625.0
B00HRO386A,Dell,399.99
B00HRO3018,Dell,638.54
B00HRO37UC,Dell,412.85
B00HRO32O8,Dell,737.99
B00HRO3IBA,Toshiba,289.0
B00HTT9LCS,Dell,379.95
B00HTUHIDG,Toshiba,314.99
B00HTUP8VA,,465.0
B00HU1JQ6G,Dell,612.67
B00HVB2TY6,,319.99
B00HVLQFAU,,689.0
B00HVQVK5U,,589.99
B00HVV2MMU,,749.95
B00HWI5KRG,,680.0
B00HWI4KVS,,544.5
B00HWI4ITC,,829.99
B00HWI4HR0,Toshiba,404.0
B00HWI4FZO,,465.0
B00HWM5PMW,Toshiba,779.99
B00HXE4CZ0,Toshiba,540.26
B00HXQO8NE,,364.77
B00HXXHYRE,,384.99
B00HXZVI8I,HP,560.66
B00HYAL6ZM,,779.92
B00HZ308XO,,544.5
B00HZ6MCOO,,447.29
B00HZD60BS,,529.99
B00HZT1UFS,Asus,319.0
B00HZT1TWW,Asus,321.0
B00HZT1TK4,Asus,310.0
B00HZT1T5E,Asus,293.0
B00HZXGC0M,Asus,289.99
B00I0JCX5S,,10.95
B00I0MKNUW,,76.03
B00I0MKP2I,HP,624.0
B00I0NYKV4,Acer,478.0
B00I0NYKL4,,695.74
B00I16K4KG,Toshiba,530.0
B00I1K4Z98,HP,469.0
B00I1VBTBY,,590.0
B00I2F5ZTG,Toshiba,305.0
B00I3DOZEI,Acer,475.66
B00I3I5T20,,998.99
B00I4COB1U,,479.99
B00I52A13Q,Lenovo,579.99
B00I52ANOS,Lenovo,699.0
B00I52I4F8,Lenovo,388.95
B00I59BUWA,,324.99
B00I5UZZWA,HP,949.95
B00I79259A,Toshiba,300.0
B00I7PAXVG,Dell,344.99
B00I84HQ8Y,Acer,479.26
B00I873MPC,Toshiba,304.0
B00I8BFXA0,,569.98
B00I8R4MNI,Acer,398.99
B00I93CSQO,,999.99
B00I9HJOQW,Acer,418.99
B00I9HJU2A,Acer,677.7
B00I9HJ6Q0,Acer,376.12
B00I9HJT1C,Acer,543.52
B00IAAALFG,Asus,554.98
B00IAVI9PY,,989.0
B00IAYSXRU,,458.27
B00IAYVU8Y,,392.0
B00IB04M5K,Dell,458.96
B00IB6D8IG,,499.98
B00IBK2M0M,HP,498.9
B00IC6AH5W,,499.99
B00IC5M2L0,Asus,275.0
B00ICM7UKG,Satellite,303.95
B00ICZOZYM,,369.96
B00ID3R6DK,HP,689.0
B00IEBG0II,Toshiba,463.98
B00IES2CDS,Pavilion,409.95
B00IF0QIAI,Acer,361.55
B00IGW9V9U,,789.0
B00IHCKJU4,HP,757.0
B00IHCHVRS,,32.45
B00IHI2QN6,Toshiba,659.99
B00IHMUUZS,HP,409.85
B00IHNYZ6M,HP,339.99
B00II5DE0M,Toshiba,474.99
B00II7VOOS,HP,449.99
B00II8OFKC,,499.0
B00IIEKVTA,,699.95
B00IIEKVTU,,599.95
B00IIEKVTK,,649.95
B00IIEKVS6,,749.95
B00IIXXBNY,Pavilion,516.48
B00IJ0SK2S,Acer,498.98
B00IJ444ME,,699.95
B00IJ5YH66,,939.0
B00IJD3QTC,Acer,269.99
B00IJN0PW8,Lenovo,624.0
B00IJSB798,HP,426.99
B00IJRPEBG,,699.88
B00IJSB76Q,,699.88
B00IJT4MR6,,25.99
B00IJT4MQM,,25.99
B00IL23D4E,"Lenovo IdeaPad",709.6
B00IL2OSMK,HP,349.0
B00IL1EISK,HP,525.0
B00ILNV6C4,Asus,698.88
B00ILVBVY4,,544.97
B00IMF50GO,Dell,619.0
B00IMNNYKA,Inspiron,397.98
B00IN6HD8K,Toshiba,779.99
B00IN87KJA,,544.99
B00IN8OOEY,Dell,599.99
B00INC86UI,HP,663.0
B00IO54MLQ,HP,299.49
B00IO5QO0I,Toshiba,575.0
B00IO69GVQ,Lenovo,619.0
B00IO99DEI,HP,449.9
B00IPQR9QY,Asus,365.0
B00IPQXZ62,Dell,664.71
B00IQ4DKMM,MSI,999.0
B00IQ4G8U8,MSI,899.0
B00IQEA8UE,Lenovo,499.85
B00IQT7TXI,,549.5
B00ISEOYL6,,529.99
B00ISKS4A2,MSI,689.99
B00ITUW80I,,369.99
B00IUV74VE,,179.0
B00IV38BRM,,309.5
B00IVERGMC,Toshiba,549.99
B00IWDUN6S,HP,555.0
B00IWUK3WK,,229.99
B00IX6C7OU,Asus,471.85
B00IXC38LK,,939.0
B00IZMQKI6,Toshiba,870.21
B00IZQZ7KO,,483.0
B00J0TPSV8,,799.99
B00J0TQ86C,Toshiba,308.99
B00J0V0ZOQ,,699.95
B00J1MH1D2,Toshiba,358.0
B00J2CGNYE,HP,678.23
B00J2FAVA8,,499.99
B00J34VY7C,,246.09
B00J35447I,,288.4
B00J49ZH1U,Samsung,399.99
B00J49ZH6K,Samsung,394.35
B00J49ZHCY,Samsung,320.99
B00J4YZ7AQ,HP,329.0
B00J6ZKFKU,,680.0
B00J6ZEHXQ,HP,449.49
B00J7U8BQO,Toshiba,379.88
B00J7XXW3I,,654.66
B00J7Y4J6G,,539.99
B00J88QRRK,,599.95
B00J88QRUC,,549.95
B00J87PJTS,"ATIV Book 4",689.0
B00J8SBTWS,Acer,280.26
B00J9ITPJQ,"Computer Upgrade King",749.99
B00J9T4I6A,,499.99
B00J9W12D4,,610.0
B00JAWY7NA,,288.4
B00JAXUTGI,Dell,919.99
B00JB3N6KS,Asus,749.99
B00JBMF64I,,649.95
B00JBTUXWG,Asus,399.5
B00JCFDILM,,458.0
B00JD1THFG,,363.98
B00JCZWUIO,Acer,354.95
B00JD1R1CC,Dell,829.0
B00JDYGXBE,Asus,354.9
B00JGG25MA,Acer,319.68
B00JGJ74IW,,849.9
B00JI7JJ5S,Acer,324.95
B00JI9NPBK,Satellite,489.99
B00JI9OHXU,Asus,789.99
B00JJVX1OS,HP,480.0
B00JJX40OG,Dell,619.99
B00JNH4YNA,,539.99
B00JNSZQMC,HP,397.85
B00JP7OGQ8,Lenovo,799.0
B00JQFWJRM,Samsung,749.99
B00JRGAHHE,,179.0
B00JRR7K5U,Lenovo,980.99
B00JSACOM0,,544.97
B00JTEACJC,,369.99
B00JTI4X3E,Toshiba,294.95
B00JU4XH1G,HP,489.99
B00JU8G2MI,,284.99
B00JXNS9QM,,179.0
B00JXPHIA8,Dell,360.0
B00JYR6K86,,399.99
B00K0YLPLE,,998.0
B00K1FY3M0,,179.0
B00K24ROX0,Lenovo,649.98
B00K2DE7Q8,,139.99
B00K2O4QM2,,987.49
B00K2O4TGU,Acer,499.99
B00K2O4TI8,Acer,282.58
B00K2O4VLS,Acer,388.77
B00K2ORNDQ,,339.99
B00K2O4PCI,,499.99
B00K2XOD8A,Asus,274.8
B00K4DZ2RE,HP,489.0
B00K4PAV14,Dell,417.5
B00K4PB3R0,,349.99
B00K4PAV78,Dell,549.99
B00K4PAPG0,Dell,734.99
B00K4PAP10,Dell,720.99
B00K4PALMI,Dell,829.99
B00K4PAZFG,Dell,419.99
B00K4PATR0,Dell,749.0
B00K4PAZLU,Dell,429.0
B00K5AQQGW,,975.0
B00K5DZO4E,,283.99
B00K5DZO5I,Asus,278.8
B00K5Z92WC,Dell,489.95
B00K66YXQU,HP,499.99
B00K67RPRS,,829.99
B00K6ZIO2K,Lenovo,999.99
B00K6ZIKYW,Lenovo,799.99
B00K7UD3LQ,,709.0
B00K7UE5OA,,129.99
B00K81O3PY,Acer,729.99
B00K84RY9S,,403.0
B00K98UB98,,899.95
B00KB3LWPI,HP,941.99
B00KBX8MHE,Toshiba,245.0
B00KC7NQCK,,189.99
B00KD5RUN2,Asus,249.99
B00KDIT9QA,,829.99
B00KDLODEK,Samsung,568.0
B00KDIT97Y,,699.99
B00KDQYLA6,Acer,349.99
B00KGGWDGM,Dell,408.99
B00KH7NNAU,Dell,435.01
B00KHLQLPA,Dell,300.33
B00KJ868LI,Samsung,539.0
B00KJIY79S,Acer,308.89
B00KK5YDLW,,559.99
B00KMRGF28,Dell,249.99
B00KMRGF3M,Dell,476.0
B00KNAZMKA,Toshiba,423.99
B00KO2VAK8,,179.0
B00KO6DS3Q,,459.99
B00KOUIZ9E,,349.99
B00KPE68E8,HP,365.95
B00KPEJ14C,HP,385.88
B00KQCJQKW,,599.0
B00KQEAH9O,,799.99
B00KQP0NTW,HP,388.99
B00KSYZQJ8,,102.99
B00KVLX0GE,HP,342.85
B00KY2WW6E,"",889.95
B00KYB9Q64,HP,415.85
B00KYY3KR2,Toshiba,249.6
B00L3EE1SO,HP,271.75
B00LCT4F4A,,949.99
